id,purchase_order_id,received_by_employee_id,received_at,notes,created_at
1,1,4,2024-09-12 03:24:36,,2024-09-12 03:24:36
2,4,1,2022-02-02 18:35:15,,2022-02-02 18:35:15
3,5,7,2026-09-19 11:34:54,,2026-09-19 11:34:54
4,6,7,2025-10-18 09:05:29,,2025-10-18 09:05:29
5,7,3,2024-07-21 12:05:29,,2024-07-21 12:05:29
6,8,7,2026-01-15 00:36:09,ok,2026-01-15 00:36:09
7,9,2,2021-11-20 20:28:22,,2021-11-20 20:28:22
8,10,7,2023-12-16 05:54:07,,2023-12-16 05:54:07
9,12,7,2024-07-11 08:07:30,,2024-07-11 08:07:30
10,15,7,2020-08-18 03:19:03,,2020-08-18 03:19:03
11,16,1,2023-10-08 06:48:17,,2023-10-08 06:48:17
12,17,5,2025-10-02 05:28:04,,2025-10-02 05:28:04
13,18,3,2024-09-24 14:36:43,,2024-09-24 14:36:43
14,19,4,2024-03-18 19:20:43,,2024-03-18 19:20:43
15,20,4,2020-02-27 02:44:53,,2020-02-27 02:44:53
16,21,2,2023-01-08 13:34:56,,2023-01-08 13:34:56
17,22,7,2020-01-28 08:10:20,,2020-01-28 08:10:20
18,23,5,2022-03-29 00:20:17,,2022-03-29 00:20:17
19,24,3,2025-03-02 17:44:15,,2025-03-02 17:44:15
20,25,11,2022-10-20 19:14:33,,2022-10-20 19:14:33
21,27,15,2023-10-03 15:56:16,,2023-10-03 15:56:16
22,28,15,2025-07-24 05:41:19,,2025-07-24 05:41:19
23,29,13,2025-12-26 06:50:52,,2025-12-26 06:50:52
24,30,4,2026-09-16 19:08:25,,2026-09-16 19:08:25
25,31,2,2026-11-12 08:49:40,,2026-11-12 08:49:40
26,32,3,2025-10-28 10:57:04,,2025-10-28 10:57:04
27,34,3,2023-09-21 06:14:30,,2023-09-21 06:14:30
28,35,11,2022-08-21 13:40:28,,2022-08-21 13:40:28
29,37,4,2025-10-03 21:24:10,conferido,2025-10-03 21:24:10
30,38,14,2020-08-13 16:43:43,,2020-08-13 16:43:43
31,39,7,2024-11-01 15:54:29,,2024-11-01 15:54:29
32,40,7,2025-10-19 09:29:38,,2025-10-19 09:29:38
33,41,7,2020-02-15 03:28:23,,2020-02-15 03:28:23
34,42,5,2026-10-10 01:59:08,,2026-10-10 01:59:08
35,43,1,2026-09-29 01:19:26,,2026-09-29 01:19:26
36,45,15,2026-09-16 12:39:10,,2026-09-16 12:39:10
37,48,7,2026-01-15 14:15:18,,2026-01-15 14:15:18
38,50,15,2026-01-08 19:47:36,,2026-01-08 19:47:36
39,51,2,2022-07-12 18:19:55,,2022-07-12 18:19:55
40,52,7,2025-09-04 20:48:12,,2025-09-04 20:48:12
41,53,7,2021-07-21 04:14:57,,2021-07-21 04:14:57
42,54,3,2021-08-07 04:24:20,,2021-08-07 04:24:20
43,55,7,2020-07-11 13:00:22,,2020-07-11 13:00:22
44,56,15,2023-02-28 13:07:08,,2023-02-28 13:07:08
45,57,5,2026-09-29 05:50:26,,2026-09-29 05:50:26
46,59,13,2021-03-08 07:30:43,,2021-03-08 07:30:43
47,60,13,2020-07-11 13:33:10,,2020-07-11 13:33:10
48,61,4,2025-11-21 19:15:22,,2025-11-21 19:15:22
49,63,14,2023-09-10 03:02:43,,2023-09-10 03:02:43
50,64,11,2022-10-27 00:04:00,,2022-10-27 00:04:00
51,66,14,2020-12-08 11:50:48,,2020-12-08 11:50:48
52,67,3,2025-11-11 23:22:01,,2025-11-11 23:22:01
53,68,4,2022-07-03 04:54:05,,2022-07-03 04:54:05
54,71,7,2020-05-22 13:40:56,,2020-05-22 13:40:56
55,72,1,2024-02-08 06:04:59,,2024-02-08 06:04:59
56,73,2,2022-10-18 04:59:46,,2022-10-18 04:59:46
57,74,14,2026-02-27 12:25:54,,2026-02-27 12:25:54
58,76,3,2024-01-30 15:59:33,,2024-01-30 15:59:33
59,78,11,2025-03-31 13:43:17,,2025-03-31 13:43:17
60,79,3,2026-09-25 18:03:43,checar,2026-09-25 18:03:43
61,80,3,2026-09-14 12:32:48,,2026-09-14 12:32:48
62,81,5,2023-06-15 03:07:40,,2023-06-15 03:07:40
63,82,13,2025-01-08 07:27:13,,2025-01-08 07:27:13
64,83,5,2023-08-20 20:56:31,,2023-08-20 20:56:31
65,84,2,2026-09-28 22:33:17,,2026-09-28 22:33:17
66,85,7,2023-11-25 08:05:49,,2023-11-25 08:05:49
67,86,3,2021-08-10 02:27:27,,2021-08-10 02:27:27
68,88,11,2026-12-04 16:17:59,,2026-12-04 16:17:59
69,89,15,2023-01-02 08:52:24,,2023-01-02 08:52:24
70,90,13,2021-09-02 21:15:28,,2021-09-02 21:15:28
71,91,15,2026-10-04 04:55:41,,2026-10-04 04:55:41
72,94,11,2024-08-05 13:56:39,,2024-08-05 13:56:39
73,95,14,2024-07-06 11:31:09,,2024-07-06 11:31:09
74,96,13,2026-01-24 00:23:38,,2026-01-24 00:23:38
75,97,3,2024-10-12 03:00:56,,2024-10-12 03:00:56
76,98,4,2024-08-05 13:07:43,,2024-08-05 13:07:43
77,99,13,2020-10-07 11:38:24,,2020-10-07 11:38:24
78,100,7,2021-11-03 12:16:46,,2021-11-03 12:16:46
79,103,11,2020-10-03 02:26:16,,2020-10-03 02:26:16
80,104,11,2025-09-27 09:03:56,,2025-09-27 09:03:56
81,105,13,2021-07-13 19:04:56,,2021-07-13 19:04:56
82,106,7,2024-04-13 14:29:38,,2024-04-13 14:29:38
83,107,2,2024-12-26 06:29:14,,2024-12-26 06:29:14
84,108,14,2025-12-27 05:25:41,,2025-12-27 05:25:41
85,109,14,2020-12-15 22:38:21,,2020-12-15 22:38:21
86,110,7,2025-06-30 15:27:46,,2025-06-30 15:27:46
87,111,4,2022-06-14 09:28:11,,2022-06-14 09:28:11
88,112,3,2023-09-01 23:29:48,,2023-09-01 23:29:48
89,113,11,2021-08-26 04:21:26,,2021-08-26 04:21:26
90,115,14,2020-03-21 01:48:26,conferido,2020-03-21 01:48:26
91,116,15,2021-11-29 11:00:25,,2021-11-29 11:00:25
92,118,5,2022-06-29 22:00:49,,2022-06-29 22:00:49
93,120,3,2026-07-07 08:56:22,,2026-07-07 08:56:22
94,122,13,2025-12-16 22:30:50,,2025-12-16 22:30:50
95,123,5,2026-11-11 16:38:28,,2026-11-11 16:38:28
96,124,13,2022-11-16 06:17:41,,2022-11-16 06:17:41
97,125,4,2024-10-28 05:57:53,,2024-10-28 05:57:53
98,128,1,2022-08-11 16:04:21,,2022-08-11 16:04:21
99,129,15,2022-07-12 20:52:05,,2022-07-12 20:52:05
100,133,7,2021-08-19 11:56:46,,2021-08-19 11:56:46
101,135,4,2025-09-11 21:46:55,,2025-09-11 21:46:55
102,137,5,2022-12-02 09:44:56,,2022-12-02 09:44:56
103,138,2,2020-10-26 16:25:14,,2020-10-26 16:25:14
104,139,3,2023-09-15 16:41:19,,2023-09-15 16:41:19
105,140,11,2021-11-11 01:31:06,,2021-11-11 01:31:06
106,141,2,2025-12-24 09:02:30,,2025-12-24 09:02:30
107,142,5,2026-09-12 05:45:38,,2026-09-12 05:45:38
108,143,1,2025-11-09 11:41:26,,2025-11-09 11:41:26
109,144,4,2023-11-12 22:11:35,,2023-11-12 22:11:35
110,145,5,2027-01-01 05:29:27,,2027-01-01 05:29:27
111,146,2,2020-09-07 05:32:37,,2020-09-07 05:32:37
112,147,4,2023-11-11 23:23:17,,2023-11-11 23:23:17
113,148,4,2024-11-24 08:49:39,,2024-11-24 08:49:39
114,149,13,2022-09-14 05:32:16,,2022-09-14 05:32:16
115,150,5,2025-09-25 01:21:11,,2025-09-25 01:21:11
116,151,3,2023-12-20 17:27:30,,2023-12-20 17:27:30
117,152,3,2026-04-19 19:16:33,,2026-04-19 19:16:33
118,153,1,2022-10-20 10:32:17,,2022-10-20 10:32:17
119,154,5,2026-02-01 04:06:35,,2026-02-01 04:06:35
120,156,14,2024-10-17 03:51:56,,2024-10-17 03:51:56
121,158,13,2026-11-29 03:29:24,,2026-11-29 03:29:24
122,159,1,2026-01-20 08:08:50,,2026-01-20 08:08:50
123,160,3,2026-12-30 00:30:32,,2026-12-30 00:30:32
124,161,5,2026-12-18 08:30:31,,2026-12-18 08:30:31
125,162,13,2025-08-26 14:22:25,,2025-08-26 14:22:25
126,163,2,2026-08-29 06:43:57,,2026-08-29 06:43:57
127,164,4,2026-09-07 06:37:52,,2026-09-07 06:37:52
128,166,15,2023-09-28 20:01:12,,2023-09-28 20:01:12
129,168,2,2020-09-07 06:53:54,,2020-09-07 06:53:54
130,169,13,2024-11-30 17:01:46,,2024-11-30 17:01:46
131,170,15,2024-09-10 13:57:29,,2024-09-10 13:57:29
132,171,11,2027-01-05 19:00:40,,2027-01-05 19:00:40
133,173,3,2024-12-16 00:10:08,,2024-12-16 00:10:08
134,174,4,2022-04-13 06:18:47,,2022-04-13 06:18:47
135,176,1,2023-07-26 11:10:52,,2023-07-26 11:10:52
136,177,15,2025-06-24 15:44:55,,2025-06-24 15:44:55
137,178,11,2024-08-21 13:05:30,,2024-08-21 13:05:30
138,179,13,2026-12-15 03:40:51,,2026-12-15 03:40:51
139,180,7,2025-06-12 04:31:02,,2025-06-12 04:31:02
140,181,5,2026-12-07 13:06:47,,2026-12-07 13:06:47
141,183,2,2020-10-31 18:24:09,,2020-10-31 18:24:09
142,185,2,2024-05-16 14:29:09,,2024-05-16 14:29:09
143,186,13,2026-09-08 14:59:38,ok,2026-09-08 14:59:38
144,187,15,2025-05-28 09:43:11,,2025-05-28 09:43:11
145,188,5,2020-09-24 09:42:09,,2020-09-24 09:42:09
146,189,14,2026-03-02 16:58:05,,2026-03-02 16:58:05
147,190,14,2024-12-01 22:53:17,,2024-12-01 22:53:17
148,191,5,2026-11-01 08:42:14,,2026-11-01 08:42:14
149,192,1,2023-12-07 03:59:08,,2023-12-07 03:59:08
150,193,11,2021-11-14 09:59:57,,2021-11-14 09:59:57
151,195,2,2020-07-22 17:02:25,,2020-07-22 17:02:25
152,196,13,2026-10-06 02:39:15,,2026-10-06 02:39:15
153,197,13,2024-10-11 19:24:45,,2024-10-11 19:24:45
154,199,11,2020-09-12 09:48:11,,2020-09-12 09:48:11
155,200,7,2021-03-04 04:40:47,,2021-03-04 04:40:47
156,201,2,2027-01-21 19:14:04,,2027-01-21 19:14:04
157,203,13,2025-08-18 09:44:29,,2025-08-18 09:44:29
158,204,4,2025-08-19 13:17:57,,2025-08-19 13:17:57
159,205,13,2021-10-21 01:09:22,,2021-10-21 01:09:22
160,206,3,2020-12-19 09:06:49,,2020-12-19 09:06:49
161,207,15,2024-11-14 04:21:02,,2024-11-14 04:21:02
162,208,13,2026-10-23 01:54:08,,2026-10-23 01:54:08
163,211,11,2026-07-20 13:59:03,,2026-07-20 13:59:03
164,212,11,2021-09-13 00:13:05,,2021-09-13 00:13:05
165,214,15,2022-01-25 12:54:00,,2022-01-25 12:54:00
166,216,1,2025-02-05 20:02:56,,2025-02-05 20:02:56
167,217,7,2026-03-14 13:51:52,,2026-03-14 13:51:52
168,218,14,2022-11-16 22:51:43,,2022-11-16 22:51:43
169,219,15,2022-08-19 13:12:47,,2022-08-19 13:12:47
170,221,11,2025-12-18 17:50:35,,2025-12-18 17:50:35
171,222,5,2026-11-18 04:05:20,,2026-11-18 04:05:20
172,223,15,2024-11-11 13:56:41,,2024-11-11 13:56:41
173,224,4,2023-07-17 21:28:56,,2023-07-17 21:28:56
174,225,5,2026-10-22 03:39:34,,2026-10-22 03:39:34
175,226,13,2022-10-29 04:57:05,,2022-10-29 04:57:05
176,227,5,2026-11-03 18:13:38,,2026-11-03 18:13:38
177,228,14,2026-12-25 05:14:54,,2026-12-25 05:14:54
178,230,5,2026-08-19 04:47:25,,2026-08-19 04:47:25
179,232,14,2022-10-25 20:58:52,,2022-10-25 20:58:52
180,233,1,2023-02-03 20:38:12,,2023-02-03 20:38:12
181,235,2,2026-02-08 22:35:19,,2026-02-08 22:35:19
182,236,15,2025-02-25 00:56:54,,2025-02-25 00:56:54
183,237,15,2023-10-31 17:11:40,,2023-10-31 17:11:40
184,238,1,2021-11-16 11:32:29,,2021-11-16 11:32:29
185,241,13,2022-10-18 01:53:32,,2022-10-18 01:53:32
186,242,11,2024-04-08 18:01:24,,2024-04-08 18:01:24
187,243,14,2021-09-22 10:56:03,,2021-09-22 10:56:03
188,244,11,2025-10-28 04:07:16,,2025-10-28 04:07:16
189,245,1,2020-04-08 16:07:28,,2020-04-08 16:07:28
190,246,5,2025-11-12 08:01:33,,2025-11-12 08:01:33
191,247,1,2023-07-29 14:44:27,...,2023-07-29 14:44:27
192,249,7,2020-08-25 17:39:14,,2020-08-25 17:39:14
193,250,5,2023-04-12 20:32:55,,2023-04-12 20:32:55
194,251,3,2025-11-28 01:24:04,,2025-11-28 01:24:04
195,253,4,2026-11-22 12:04:13,,2026-11-22 12:04:13
196,254,7,2024-12-02 06:59:21,,2024-12-02 06:59:21
197,255,5,2022-11-04 01:20:56,,2022-11-04 01:20:56
198,256,5,2026-09-25 08:54:31,,2026-09-25 08:54:31
199,257,13,2026-04-25 01:32:17,,2026-04-25 01:32:17
200,258,7,2021-10-13 11:09:04,,2021-10-13 11:09:04
201,259,11,2026-01-15 03:25:47,,2026-01-15 03:25:47
202,262,5,2026-09-01 04:02:23,,2026-09-01 04:02:23
203,263,7,2024-05-10 23:07:57,,2024-05-10 23:07:57
204,264,1,2024-09-17 03:33:42,,2024-09-17 03:33:42
205,267,14,2024-09-25 12:34:45,,2024-09-25 12:34:45
206,268,15,2025-01-01 01:10:06,,2025-01-01 01:10:06
207,269,2,2022-08-24 16:52:23,,2022-08-24 16:52:23
208,270,7,2025-12-04 02:30:46,,2025-12-04 02:30:46
209,271,2,2026-03-15 23:36:59,,2026-03-15 23:36:59
210,272,4,2020-04-27 04:00:59,,2020-04-27 04:00:59
211,273,1,2025-12-09 01:52:25,,2025-12-09 01:52:25
212,274,13,2023-03-05 02:40:53,,2023-03-05 02:40:53
213,275,7,2021-11-27 14:58:41,,2021-11-27 14:58:41
214,276,7,2026-07-12 02:38:36,,2026-07-12 02:38:36
215,278,3,2023-07-07 17:45:11,,2023-07-07 17:45:11
216,279,4,2026-12-06 19:32:39,,2026-12-06 19:32:39
217,280,7,2026-01-16 03:21:33,,2026-01-16 03:21:33
218,281,15,2021-01-07 20:25:46,,2021-01-07 20:25:46
219,282,7,2024-11-29 09:30:06,,2024-11-29 09:30:06
220,283,13,2023-05-13 23:06:39,,2023-05-13 23:06:39
221,284,2,2023-08-03 10:08:39,,2023-08-03 10:08:39
222,285,14,2024-10-29 06:55:12,,2024-10-29 06:55:12
223,287,4,2023-03-31 04:14:24,,2023-03-31 04:14:24
224,290,14,2026-01-18 07:21:29,,2026-01-18 07:21:29
225,291,14,2027-01-06 07:47:17,,2027-01-06 07:47:17
226,292,15,2022-08-18 14:05:28,,2022-08-18 14:05:28
227,293,14,2026-04-06 09:05:25,,2026-04-06 09:05:25
228,294,13,2022-09-27 04:23:48,,2022-09-27 04:23:48
229,295,1,2020-02-07 18:31:41,,2020-02-07 18:31:41
230,296,3,2022-07-23 19:56:54,,2022-07-23 19:56:54
231,297,1,2022-09-20 12:39:14,,2022-09-20 12:39:14
232,298,1,2023-10-26 21:42:33,,2023-10-26 21:42:33
233,300,1,2024-08-01 15:25:40,ver com gerente,2024-08-01 15:25:40
234,301,5,2021-06-06 21:01:02,,2021-06-06 21:01:02
235,302,3,2023-10-02 11:03:52,,2023-10-02 11:03:52
236,303,13,2022-03-01 05:49:22,,2022-03-01 05:49:22
237,304,13,2023-10-31 15:09:33,,2023-10-31 15:09:33
238,305,2,2023-11-03 19:29:15,,2023-11-03 19:29:15
239,307,4,2023-02-16 22:30:43,,2023-02-16 22:30:43
240,308,11,2022-02-15 22:55:28,,2022-02-15 22:55:28
241,312,7,2021-09-21 15:44:52,—,2021-09-21 15:44:52
242,313,2,2025-01-13 23:39:19,,2025-01-13 23:39:19
243,314,15,2020-05-04 10:38:53,,2020-05-04 10:38:53
244,315,13,2021-09-30 18:12:32,,2021-09-30 18:12:32
245,316,2,2022-01-28 19:05:09,,2022-01-28 19:05:09
246,318,7,2024-08-15 13:05:10,,2024-08-15 13:05:10
247,319,5,2025-07-19 03:37:58,,2025-07-19 03:37:58
248,320,5,2025-09-13 20:30:04,,2025-09-13 20:30:04
249,321,15,2025-10-15 03:50:00,ok!,2025-10-15 03:50:00
250,322,15,2024-09-07 05:59:15,,2024-09-07 05:59:15
251,323,4,2023-12-28 19:37:08,,2023-12-28 19:37:08
252,325,11,2022-12-06 15:51:08,,2022-12-06 15:51:08
253,327,5,2021-02-17 02:18:09,,2021-02-17 02:18:09
254,329,4,2026-08-29 04:09:39,,2026-08-29 04:09:39
255,330,13,2024-03-05 19:55:58,,2024-03-05 19:55:58
256,331,13,2022-07-29 21:35:54,,2022-07-29 21:35:54
257,332,15,2025-12-22 09:50:43,,2025-12-22 09:50:43
258,333,11,2025-12-11 04:21:41,,2025-12-11 04:21:41
259,334,14,2026-08-15 17:42:16,,2026-08-15 17:42:16
260,335,1,2025-12-13 17:00:55,,2025-12-13 17:00:55
261,336,4,2022-02-22 20:27:54,,2022-02-22 20:27:54
262,338,15,2021-02-26 21:32:35,,2021-02-26 21:32:35
263,339,5,2023-09-04 08:53:08,,2023-09-04 08:53:08
264,340,4,2022-07-14 07:29:56,,2022-07-14 07:29:56
265,342,11,2025-08-25 12:51:37,,2025-08-25 12:51:37
266,343,3,2023-03-07 14:22:17,,2023-03-07 14:22:17
267,344,3,2025-11-17 07:56:10,,2025-11-17 07:56:10
268,345,7,2025-02-04 10:46:22,,2025-02-04 10:46:22
269,346,3,2024-04-29 14:38:57,,2024-04-29 14:38:57
270,347,3,2020-02-14 09:45:38,,2020-02-14 09:45:38
271,348,11,2024-06-09 16:36:04,,2024-06-09 16:36:04
272,349,15,2025-09-17 00:11:32,,2025-09-17 00:11:32
273,350,4,2026-06-11 12:53:38,,2026-06-11 12:53:38
274,351,7,2024-02-28 14:51:47,,2024-02-28 14:51:47
275,352,14,2026-04-27 23:04:40,,2026-04-27 23:04:40
276,353,3,2021-12-23 07:54:03,,2021-12-23 07:54:03
277,355,15,2024-11-16 14:16:51,,2024-11-16 14:16:51
278,356,11,2026-01-02 17:58:23,,2026-01-02 17:58:23
279,357,1,2024-06-25 05:13:50,,2024-06-25 05:13:50
280,359,5,2025-07-01 18:13:45,conferido,2025-07-01 18:13:45
281,360,15,2026-05-27 23:05:38,,2026-05-27 23:05:38
282,361,2,2024-07-04 10:33:38,,2024-07-04 10:33:38
283,362,3,2021-01-07 01:54:02,,2021-01-07 01:54:02
284,363,1,2022-04-19 10:40:32,,2022-04-19 10:40:32
285,365,14,2021-09-04 16:25:30,,2021-09-04 16:25:30
286,366,13,2025-05-09 22:07:48,,2025-05-09 22:07:48
287,368,1,2023-01-08 15:44:55,,2023-01-08 15:44:55
288,369,13,2021-09-18 17:26:27,,2021-09-18 17:26:27
289,372,7,2023-11-13 07:55:35,,2023-11-13 07:55:35
290,373,5,2025-12-15 20:36:12,,2025-12-15 20:36:12
291,374,7,2025-09-02 14:50:40,,2025-09-02 14:50:40
292,375,5,2020-12-19 09:28:15,,2020-12-19 09:28:15
293,376,1,2021-07-09 19:55:26,,2021-07-09 19:55:26
294,377,3,2025-05-29 00:05:50,,2025-05-29 00:05:50
295,378,2,2022-11-29 23:33:09,,2022-11-29 23:33:09
296,379,7,2022-09-13 15:04:09,,2022-09-13 15:04:09
297,380,4,2023-09-06 15:43:16,tudo certo,2023-09-06 15:43:16
298,381,1,2021-01-09 10:50:53,,2021-01-09 10:50:53
299,383,2,2024-12-26 12:50:51,,2024-12-26 12:50:51
300,384,11,2025-11-23 09:34:12,,2025-11-23 09:34:12
301,385,3,2025-11-03 03:48:51,,2025-11-03 03:48:51
302,386,15,2023-01-12 00:40:49,,2023-01-12 00:40:49
303,387,4,2025-08-07 13:32:21,,2025-08-07 13:32:21
304,392,5,2020-09-02 10:38:14,,2020-09-02 10:38:14
305,394,13,2020-07-23 01:45:31,—,2020-07-23 01:45:31
306,396,2,2021-09-23 18:01:21,,2021-09-23 18:01:21
307,397,3,2025-10-20 19:52:58,,2025-10-20 19:52:58
308,398,5,2020-04-26 17:59:34,,2020-04-26 17:59:34
309,399,11,2026-11-10 04:02:30,,2026-11-10 04:02:30
310,400,4,2024-02-22 08:56:48,,2024-02-22 08:56:48
311,401,14,2026-08-20 19:26:22,,2026-08-20 19:26:22
312,402,14,2024-01-18 23:52:02,,2024-01-18 23:52:02
313,404,3,2023-02-22 02:57:36,,2023-02-22 02:57:36
314,405,2,2024-08-25 07:26:31,,2024-08-25 07:26:31
315,406,4,2024-09-07 09:03:42,,2024-09-07 09:03:42
316,407,1,2026-11-12 10:34:50,conferido,2026-11-12 10:34:50
317,408,3,2024-11-08 17:52:41,,2024-11-08 17:52:41
318,409,3,2025-10-29 09:44:34,,2025-10-29 09:44:34
319,412,7,2024-07-30 21:16:35,,2024-07-30 21:16:35
320,413,4,2021-11-19 09:22:40,,2021-11-19 09:22:40
321,414,4,2025-01-11 11:13:10,,2025-01-11 11:13:10
322,415,11,2020-11-02 16:29:22,,2020-11-02 16:29:22
323,416,2,2024-01-15 21:56:31,,2024-01-15 21:56:31
324,417,5,2025-01-15 17:42:56,,2025-01-15 17:42:56
325,419,2,2022-07-07 10:36:56,ver com gerente,2022-07-07 10:36:56
326,420,1,2020-08-22 07:36:18,,2020-08-22 07:36:18
327,422,3,2024-10-03 06:09:16,,2024-10-03 06:09:16
328,423,14,2020-07-25 02:48:02,,2020-07-25 02:48:02
329,424,15,2025-04-07 12:24:46,,2025-04-07 12:24:46
330,427,4,2026-08-26 16:54:59,,2026-08-26 16:54:59
331,430,3,2020-10-21 03:23:17,,2020-10-21 03:23:17
332,431,3,2026-01-12 15:19:57,,2026-01-12 15:19:57
333,433,15,2020-10-05 01:41:08,,2020-10-05 01:41:08
334,434,3,2020-06-15 03:28:52,,2020-06-15 03:28:52
335,435,1,2025-05-26 16:14:45,,2025-05-26 16:14:45
336,436,4,2022-03-29 17:54:33,,2022-03-29 17:54:33
337,437,5,2024-10-25 18:33:42,,2024-10-25 18:33:42
338,438,2,2022-04-18 04:10:36,,2022-04-18 04:10:36
339,439,3,2021-12-22 08:53:06,,2021-12-22 08:53:06
340,440,3,2023-12-23 13:05:26,,2023-12-23 13:05:26
341,441,4,2024-08-18 13:09:04,,2024-08-18 13:09:04
342,442,3,2022-11-29 07:52:07,,2022-11-29 07:52:07
343,443,5,2024-12-08 22:32:38,,2024-12-08 22:32:38
344,444,3,2023-10-09 01:26:43,,2023-10-09 01:26:43
345,445,4,2026-08-11 14:23:00,,2026-08-11 14:23:00
346,446,5,2025-01-12 06:19:56,,2025-01-12 06:19:56
347,447,2,2024-12-14 06:04:46,,2024-12-14 06:04:46
348,448,14,2023-07-29 14:17:44,,2023-07-29 14:17:44
349,450,2,2026-01-26 08:20:23,,2026-01-26 08:20:23
350,451,3,2025-10-03 18:55:33,,2025-10-03 18:55:33
351,452,3,2022-08-28 04:22:54,,2022-08-28 04:22:54
352,453,11,2020-05-26 14:10:09,,2020-05-26 14:10:09
353,455,13,2026-11-26 18:13:56,,2026-11-26 18:13:56
354,456,2,2024-01-08 01:02:05,,2024-01-08 01:02:05
355,458,7,2025-06-02 08:26:12,,2025-06-02 08:26:12
356,459,3,2020-07-26 15:37:55,,2020-07-26 15:37:55
357,461,15,2021-10-02 11:17:23,,2021-10-02 11:17:23
358,462,2,2020-06-11 19:30:05,,2020-06-11 19:30:05
359,463,11,2026-10-15 06:36:21,,2026-10-15 06:36:21
360,464,4,2024-01-24 04:15:26,,2024-01-24 04:15:26
361,465,7,2025-04-05 03:21:23,,2025-04-05 03:21:23
362,466,14,2022-12-12 01:55:38,,2022-12-12 01:55:38
363,467,11,2024-07-10 13:53:28,,2024-07-10 13:53:28
364,468,13,2025-10-10 08:05:14,,2025-10-10 08:05:14
365,469,11,2022-07-20 23:58:58,,2022-07-20 23:58:58
366,471,11,2026-08-30 03:06:41,,2026-08-30 03:06:41
367,472,11,2021-07-19 12:59:00,,2021-07-19 12:59:00
368,473,5,2023-11-29 05:25:51,,2023-11-29 05:25:51
369,474,3,2022-12-22 04:17:03,,2022-12-22 04:17:03
370,475,1,2025-12-14 11:56:52,,2025-12-14 11:56:52
371,476,4,2025-06-23 11:12:48,,2025-06-23 11:12:48
372,480,5,2023-12-05 11:05:05,,2023-12-05 11:05:05
373,481,11,2022-11-08 04:24:55,,2022-11-08 04:24:55
374,482,11,2025-08-28 22:56:01,,2025-08-28 22:56:01
375,483,2,2023-11-13 13:39:30,,2023-11-13 13:39:30
376,484,5,2026-10-02 05:53:35,,2026-10-02 05:53:35
377,486,13,2026-10-21 20:17:30,,2026-10-21 20:17:30
378,487,11,2022-12-27 21:07:07,,2022-12-27 21:07:07
379,488,14,2024-06-06 17:29:54,,2024-06-06 17:29:54
380,490,3,2020-11-01 04:36:02,,2020-11-01 04:36:02
381,491,15,2022-01-09 05:10:40,,2022-01-09 05:10:40
382,492,11,2024-11-06 02:57:14,,2024-11-06 02:57:14
383,493,1,2026-10-21 03:41:54,,2026-10-21 03:41:54
384,494,4,2020-08-28 10:20:25,,2020-08-28 10:20:25
385,495,5,2025-05-22 15:10:00,,2025-05-22 15:10:00
386,496,11,2025-04-25 18:37:34,,2025-04-25 18:37:34
387,497,14,2021-10-16 19:14:33,...,2021-10-16 19:14:33
388,498,5,2026-11-09 05:09:56,,2026-11-09 05:09:56
389,499,2,2023-04-09 21:04:51,,2023-04-09 21:04:51
390,501,15,2025-01-07 19:46:01,,2025-01-07 19:46:01
391,502,11,2026-04-26 00:03:41,conferido,2026-04-26 00:03:41
392,503,11,2022-05-15 06:09:17,,2022-05-15 06:09:17
393,505,15,2026-07-31 08:55:43,,2026-07-31 08:55:43
394,506,14,2022-09-29 13:51:32,,2022-09-29 13:51:32
395,509,15,2022-02-11 09:34:59,,2022-02-11 09:34:59
396,510,15,2026-09-14 04:38:01,,2026-09-14 04:38:01
397,511,1,2024-06-14 13:20:31,,2024-06-14 13:20:31
398,512,7,2026-10-17 18:00:00,,2026-10-17 18:00:00
399,513,5,2023-02-13 06:13:30,,2023-02-13 06:13:30
400,514,5,2020-08-27 11:40:38,,2020-08-27 11:40:38
401,515,15,2021-08-29 18:05:47,,2021-08-29 18:05:47
402,517,7,2023-10-27 16:44:49,,2023-10-27 16:44:49
403,518,5,2025-04-19 17:26:49,,2025-04-19 17:26:49
404,520,15,2024-09-27 18:27:21,,2024-09-27 18:27:21
405,522,7,2021-07-07 06:55:22,,2021-07-07 06:55:22
406,523,7,2026-01-11 01:17:12,,2026-01-11 01:17:12
407,526,5,2024-03-24 21:01:10,,2024-03-24 21:01:10
408,527,13,2021-10-24 07:02:17,,2021-10-24 07:02:17
409,528,1,2022-10-03 04:26:06,,2022-10-03 04:26:06
410,529,5,2022-01-15 18:51:47,,2022-01-15 18:51:47
411,530,15,2023-11-26 03:09:49,,2023-11-26 03:09:49
412,532,1,2026-02-23 16:50:27,,2026-02-23 16:50:27
413,533,15,2026-07-31 16:26:39,,2026-07-31 16:26:39
414,535,14,2024-11-03 08:35:39,,2024-11-03 08:35:39
415,536,1,2024-04-04 12:49:48,,2024-04-04 12:49:48
416,538,15,2024-07-30 01:29:14,,2024-07-30 01:29:14
417,540,14,2020-12-21 20:00:42,,2020-12-21 20:00:42
418,543,11,2024-09-05 10:31:01,,2024-09-05 10:31:01
419,545,11,2026-02-22 11:14:58,,2026-02-22 11:14:58
420,547,15,2025-08-26 16:23:05,,2025-08-26 16:23:05
421,549,14,2026-10-30 01:11:57,,2026-10-30 01:11:57
422,550,1,2026-09-22 21:51:18,,2026-09-22 21:51:18
423,551,15,2021-12-22 03:34:43,,2021-12-22 03:34:43
424,552,11,2026-08-23 13:09:28,,2026-08-23 13:09:28
425,553,11,2022-11-27 11:35:24,,2022-11-27 11:35:24
426,554,11,2024-07-20 06:32:17,,2024-07-20 06:32:17
427,555,4,2024-10-19 22:02:00,,2024-10-19 22:02:00
428,556,4,2022-01-22 12:05:30,,2022-01-22 12:05:30
429,557,11,2025-10-20 17:59:42,,2025-10-20 17:59:42
430,558,14,2025-09-27 13:31:47,,2025-09-27 13:31:47
431,559,11,2025-02-11 08:03:15,,2025-02-11 08:03:15
432,560,3,2021-07-05 03:28:17,,2021-07-05 03:28:17
433,561,14,2025-09-07 00:45:45,,2025-09-07 00:45:45
434,562,15,2023-12-31 10:42:53,,2023-12-31 10:42:53
435,564,3,2026-11-20 05:34:25,,2026-11-20 05:34:25
436,565,14,2024-02-04 00:08:24,,2024-02-04 00:08:24
437,566,3,2026-11-29 21:46:33,,2026-11-29 21:46:33
438,567,11,2026-10-06 08:14:36,,2026-10-06 08:14:36
439,569,4,2025-01-24 13:16:14,,2025-01-24 13:16:14
440,570,13,2021-10-13 00:23:06,,2021-10-13 00:23:06
441,571,4,2025-08-17 09:40:54,,2025-08-17 09:40:54
442,572,7,2020-01-27 11:45:41,,2020-01-27 11:45:41
443,573,3,2025-10-12 16:20:03,,2025-10-12 16:20:03
444,574,1,2025-02-25 21:48:24,,2025-02-25 21:48:24
445,575,7,2025-10-08 04:35:41,,2025-10-08 04:35:41
446,578,1,2021-08-19 08:50:49,,2021-08-19 08:50:49
447,579,7,2025-05-28 01:17:53,,2025-05-28 01:17:53
448,580,13,2026-02-23 09:44:10,,2026-02-23 09:44:10
449,581,7,2023-07-07 02:23:38,,2023-07-07 02:23:38
450,582,1,2023-10-29 16:00:56,,2023-10-29 16:00:56
451,583,4,2025-10-06 09:21:19,,2025-10-06 09:21:19
452,584,2,2023-09-16 06:19:53,,2023-09-16 06:19:53
453,585,11,2020-11-05 14:18:45,,2020-11-05 14:18:45
454,588,5,2023-10-04 18:19:46,,2023-10-04 18:19:46
455,590,2,2021-10-13 18:31:56,,2021-10-13 18:31:56
456,591,5,2023-02-01 20:08:46,,2023-02-01 20:08:46
457,592,13,2022-06-20 17:16:36,,2022-06-20 17:16:36
458,594,11,2024-02-02 12:59:24,,2024-02-02 12:59:24
459,595,15,2020-08-31 23:15:24,,2020-08-31 23:15:24
460,596,14,2023-07-09 19:01:05,,2023-07-09 19:01:05
461,597,14,2023-09-04 01:00:14,—,2023-09-04 01:00:14
462,598,1,2020-11-16 23:13:14,,2020-11-16 23:13:14
463,599,7,2025-12-01 04:13:14,,2025-12-01 04:13:14
464,600,14,2022-05-01 07:40:15,,2022-05-01 07:40:15
465,602,1,2026-10-14 00:51:07,,2026-10-14 00:51:07
466,604,1,2023-07-24 20:12:03,,2023-07-24 20:12:03
467,605,14,2023-03-09 06:19:20,,2023-03-09 06:19:20
468,607,3,2025-10-08 06:12:13,,2025-10-08 06:12:13
469,609,4,2026-01-23 16:34:52,,2026-01-23 16:34:52
470,613,15,2024-03-20 04:27:42,,2024-03-20 04:27:42
471,614,13,2025-10-04 15:17:45,,2025-10-04 15:17:45
472,616,1,2026-01-18 13:44:54,,2026-01-18 13:44:54
473,617,15,2025-06-10 08:00:01,,2025-06-10 08:00:01
474,618,15,2026-12-16 09:02:21,,2026-12-16 09:02:21
475,619,14,2023-01-26 09:38:54,,2023-01-26 09:38:54
476,621,3,2020-11-21 04:02:17,,2020-11-21 04:02:17
477,622,7,2026-11-20 07:59:12,,2026-11-20 07:59:12
478,623,4,2025-06-17 18:11:21,,2025-06-17 18:11:21
479,624,14,2024-10-31 20:21:12,ok!,2024-10-31 20:21:12
480,625,7,2025-09-01 18:54:35,,2025-09-01 18:54:35
481,627,1,2022-06-22 21:00:45,,2022-06-22 21:00:45
482,628,11,2020-08-30 02:51:05,,2020-08-30 02:51:05
483,629,14,2025-06-29 04:48:39,,2025-06-29 04:48:39
484,631,14,2022-11-05 15:56:04,,2022-11-05 15:56:04
485,632,13,2025-11-14 20:39:09,,2025-11-14 20:39:09
486,633,15,2025-05-31 00:43:15,,2025-05-31 00:43:15
487,635,13,2022-07-25 08:49:01,,2022-07-25 08:49:01
488,636,1,2021-10-12 12:45:16,,2021-10-12 12:45:16
489,637,2,2021-01-04 03:19:35,,2021-01-04 03:19:35
490,638,15,2024-03-14 01:05:48,ver com gerente,2024-03-14 01:05:48
491,641,3,2025-08-17 07:14:06,ok!,2025-08-17 07:14:06
492,642,2,2026-11-24 19:51:21,,2026-11-24 19:51:21
493,643,11,2025-10-26 06:50:09,,2025-10-26 06:50:09
494,645,4,2024-11-20 01:41:53,,2024-11-20 01:41:53
495,646,11,2023-01-03 16:55:10,,2023-01-03 16:55:10
496,647,15,2021-08-18 16:47:17,,2021-08-18 16:47:17
497,648,5,2023-12-23 10:27:31,,2023-12-23 10:27:31
498,649,2,2023-07-09 03:56:06,,2023-07-09 03:56:06
499,650,4,2024-08-01 21:27:51,,2024-08-01 21:27:51
500,652,15,2026-12-19 04:00:38,ok!,2026-12-19 04:00:38
501,653,15,2025-02-07 07:26:50,,2025-02-07 07:26:50
502,655,14,2025-03-19 22:38:52,,2025-03-19 22:38:52
503,656,5,2022-12-22 14:14:55,,2022-12-22 14:14:55
504,657,2,2025-04-26 08:07:25,,2025-04-26 08:07:25
505,659,2,2026-09-21 23:33:38,,2026-09-21 23:33:38
506,660,15,2025-04-24 18:40:47,,2025-04-24 18:40:47
507,661,5,2022-06-06 18:17:36,,2022-06-06 18:17:36
508,662,7,2022-11-02 21:56:27,,2022-11-02 21:56:27
509,663,1,2026-12-15 23:39:54,,2026-12-15 23:39:54
510,665,11,2025-06-23 06:39:37,,2025-06-23 06:39:37
511,666,5,2025-08-17 10:39:32,,2025-08-17 10:39:32
512,667,5,2026-06-25 04:46:52,,2026-06-25 04:46:52
513,668,3,2022-04-22 15:08:29,,2022-04-22 15:08:29
514,669,14,2024-08-11 19:04:05,,2024-08-11 19:04:05
515,670,15,2023-09-09 12:15:02,,2023-09-09 12:15:02
516,671,15,2021-10-12 14:28:46,,2021-10-12 14:28:46
517,672,15,2024-11-07 03:04:02,,2024-11-07 03:04:02
518,673,3,2027-01-19 16:49:35,,2027-01-19 16:49:35
519,674,7,2021-03-14 18:50:39,,2021-03-14 18:50:39
520,675,11,2021-06-03 01:18:53,,2021-06-03 01:18:53
521,678,13,2025-01-05 03:56:11,,2025-01-05 03:56:11
522,680,15,2022-11-21 01:37:16,,2022-11-21 01:37:16
523,681,14,2026-09-16 10:31:10,,2026-09-16 10:31:10
524,682,7,2023-12-27 16:01:26,,2023-12-27 16:01:26
525,683,3,2020-08-18 15:55:31,,2020-08-18 15:55:31
526,684,2,2026-02-08 08:16:27,,2026-02-08 08:16:27
527,685,7,2026-03-20 16:52:25,,2026-03-20 16:52:25
528,687,4,2021-11-24 08:50:05,,2021-11-24 08:50:05
529,688,14,2021-02-04 05:19:43,,2021-02-04 05:19:43
530,689,5,2025-06-26 07:16:06,,2025-06-26 07:16:06
531,690,7,2024-03-08 08:35:53,,2024-03-08 08:35:53
532,691,14,2022-04-19 00:57:38,,2022-04-19 00:57:38
533,692,3,2026-12-31 21:38:56,,2026-12-31 21:38:56
534,694,5,2024-03-06 04:45:26,,2024-03-06 04:45:26
535,695,13,2025-04-06 18:39:43,,2025-04-06 18:39:43
536,696,3,2025-07-30 15:17:08,,2025-07-30 15:17:08
537,697,11,2025-12-09 22:47:45,,2025-12-09 22:47:45
538,698,2,2021-05-20 22:40:23,,2021-05-20 22:40:23
539,699,4,2026-09-05 20:20:44,,2026-09-05 20:20:44
540,700,7,2020-09-11 02:28:47,,2020-09-11 02:28:47
541,702,15,2023-10-18 18:52:13,,2023-10-18 18:52:13
542,704,1,2024-08-24 05:53:14,,2024-08-24 05:53:14
543,705,11,2025-11-22 21:17:34,,2025-11-22 21:17:34
544,706,15,2023-01-25 07:54:29,,2023-01-25 07:54:29
545,708,14,2020-08-11 00:31:13,,2020-08-11 00:31:13
546,709,15,2021-10-05 11:35:48,,2021-10-05 11:35:48
547,710,5,2025-09-10 22:46:16,,2025-09-10 22:46:16
548,712,5,2026-08-25 21:37:08,ver com gerente,2026-08-25 21:37:08
549,713,5,2022-03-05 13:59:11,,2022-03-05 13:59:11
550,715,3,2022-08-27 11:55:09,,2022-08-27 11:55:09
551,716,2,2025-03-13 02:24:33,,2025-03-13 02:24:33
552,717,7,2024-09-15 19:53:30,,2024-09-15 19:53:30
553,718,2,2023-11-17 00:28:22,,2023-11-17 00:28:22
554,719,15,2023-03-27 09:52:20,,2023-03-27 09:52:20
555,720,1,2023-11-03 21:21:47,,2023-11-03 21:21:47
556,721,5,2022-06-15 19:24:40,,2022-06-15 19:24:40
557,723,14,2025-07-28 21:57:58,,2025-07-28 21:57:58
558,724,13,2020-09-15 11:33:12,,2020-09-15 11:33:12
559,725,7,2025-11-18 21:59:36,,2025-11-18 21:59:36
560,726,2,2023-12-15 20:43:57,...,2023-12-15 20:43:57
561,727,13,2022-08-14 17:33:09,,2022-08-14 17:33:09
562,729,1,2024-10-14 04:49:46,,2024-10-14 04:49:46
563,730,15,2022-10-13 19:36:59,,2022-10-13 19:36:59
564,731,13,2023-01-30 19:44:38,,2023-01-30 19:44:38
565,732,11,2024-12-13 19:33:29,,2024-12-13 19:33:29
566,733,2,2024-01-28 19:03:54,ok!,2024-01-28 19:03:54
567,734,13,2026-11-03 06:58:12,,2026-11-03 06:58:12
568,735,13,2025-09-10 14:14:44,,2025-09-10 14:14:44
569,737,5,2022-12-28 15:01:39,,2022-12-28 15:01:39
570,738,14,2021-06-20 17:36:56,,2021-06-20 17:36:56
571,739,5,2023-03-10 06:51:19,,2023-03-10 06:51:19
572,743,13,2026-09-29 16:43:16,,2026-09-29 16:43:16
573,744,4,2022-10-17 00:42:47,,2022-10-17 00:42:47
574,745,5,2025-08-22 11:27:51,,2025-08-22 11:27:51
575,746,13,2025-10-06 17:01:35,,2025-10-06 17:01:35
576,747,13,2026-10-21 20:09:55,,2026-10-21 20:09:55
577,748,7,2023-12-19 11:20:44,,2023-12-19 11:20:44
578,749,2,2022-12-22 07:14:55,,2022-12-22 07:14:55
579,750,3,2025-06-21 21:36:02,,2025-06-21 21:36:02
580,751,4,2024-08-13 19:23:41,...,2024-08-13 19:23:41
581,752,3,2024-02-01 13:07:26,,2024-02-01 13:07:26
582,753,7,2024-10-12 04:32:39,,2024-10-12 04:32:39
583,754,15,2023-01-08 00:00:20,,2023-01-08 00:00:20
584,756,14,2026-01-19 07:38:42,,2026-01-19 07:38:42
585,757,4,2024-11-25 11:37:02,,2024-11-25 11:37:02
586,758,4,2022-02-01 09:02:33,,2022-02-01 09:02:33
587,759,13,2022-09-09 13:56:18,,2022-09-09 13:56:18
588,760,14,2026-12-19 17:45:31,,2026-12-19 17:45:31
589,761,14,2020-11-06 06:38:58,,2020-11-06 06:38:58
590,762,3,2024-08-15 15:36:59,,2024-08-15 15:36:59
591,763,1,2024-07-17 19:17:21,,2024-07-17 19:17:21
592,766,4,2025-09-03 21:16:16,,2025-09-03 21:16:16
593,767,2,2022-06-12 00:19:26,,2022-06-12 00:19:26
594,768,2,2026-11-02 21:22:54,,2026-11-02 21:22:54
595,770,11,2026-09-27 06:08:21,,2026-09-27 06:08:21
596,771,7,2026-08-21 03:47:19,,2026-08-21 03:47:19
597,773,11,2021-06-04 04:46:58,,2021-06-04 04:46:58
598,774,3,2022-08-13 10:49:00,ok,2022-08-13 10:49:00
599,776,3,2021-11-07 08:38:59,,2021-11-07 08:38:59
600,778,3,2025-12-06 00:36:48,,2025-12-06 00:36:48
601,780,2,2020-12-19 05:21:54,,2020-12-19 05:21:54
602,782,14,2026-01-20 10:53:16,,2026-01-20 10:53:16
603,784,13,2026-12-10 17:52:38,,2026-12-10 17:52:38
604,785,14,2026-01-10 21:47:44,,2026-01-10 21:47:44
605,786,2,2025-04-26 03:07:30,,2025-04-26 03:07:30
606,787,3,2023-11-15 02:49:12,,2023-11-15 02:49:12
607,788,14,2026-12-22 03:46:59,,2026-12-22 03:46:59
608,790,13,2026-01-19 17:49:27,,2026-01-19 17:49:27
609,791,7,2023-09-09 13:14:57,,2023-09-09 13:14:57
610,792,13,2023-02-16 23:38:07,,2023-02-16 23:38:07
611,793,14,2022-06-05 14:54:46,,2022-06-05 14:54:46
612,795,7,2021-10-21 09:07:53,—,2021-10-21 09:07:53
613,796,15,2025-12-20 03:27:58,,2025-12-20 03:27:58
614,799,7,2025-09-09 05:30:45,,2025-09-09 05:30:45
615,801,15,2025-11-25 22:04:25,,2025-11-25 22:04:25
616,802,3,2025-12-13 21:26:46,,2025-12-13 21:26:46
617,803,4,2025-12-24 20:40:47,,2025-12-24 20:40:47
618,805,7,2024-09-11 21:22:46,,2024-09-11 21:22:46
619,806,4,2022-11-25 03:08:30,,2022-11-25 03:08:30
620,807,15,2025-11-27 00:48:29,,2025-11-27 00:48:29
621,808,13,2024-07-03 20:59:53,,2024-07-03 20:59:53
622,809,13,2026-11-08 09:26:26,,2026-11-08 09:26:26
623,810,1,2025-11-07 14:23:14,,2025-11-07 14:23:14
624,812,15,2025-10-17 07:19:23,,2025-10-17 07:19:23
625,815,5,2022-12-22 09:53:45,,2022-12-22 09:53:45
626,816,15,2020-09-11 23:48:01,,2020-09-11 23:48:01
627,817,2,2026-07-05 08:31:39,,2026-07-05 08:31:39
628,818,7,2024-11-12 06:30:23,,2024-11-12 06:30:23
629,819,7,2024-07-10 00:52:41,,2024-07-10 00:52:41
630,821,2,2022-09-13 07:55:18,,2022-09-13 07:55:18
631,822,3,2025-10-12 04:54:26,,2025-10-12 04:54:26
632,823,13,2023-03-26 13:35:53,,2023-03-26 13:35:53
633,824,15,2020-09-06 20:55:05,,2020-09-06 20:55:05
634,825,1,2025-11-13 00:00:53,,2025-11-13 00:00:53
635,826,15,2021-04-18 14:44:28,,2021-04-18 14:44:28
636,828,4,2025-08-13 03:01:01,,2025-08-13 03:01:01
637,829,1,2024-11-16 05:05:51,conferido,2024-11-16 05:05:51
638,831,13,2022-09-07 06:22:09,,2022-09-07 06:22:09
639,832,5,2025-05-03 21:08:08,,2025-05-03 21:08:08
640,833,15,2024-07-31 02:33:39,,2024-07-31 02:33:39
641,834,11,2025-08-08 00:19:42,,2025-08-08 00:19:42
642,835,13,2020-02-08 07:25:08,,2020-02-08 07:25:08
643,836,5,2026-11-29 04:28:51,,2026-11-29 04:28:51
644,837,1,2025-09-20 05:43:15,,2025-09-20 05:43:15
645,838,15,2024-01-26 09:26:35,,2024-01-26 09:26:35
646,839,5,2023-12-19 04:44:03,,2023-12-19 04:44:03
647,840,15,2020-04-15 04:25:46,,2020-04-15 04:25:46
648,841,14,2026-09-23 18:53:27,,2026-09-23 18:53:27
649,843,15,2026-06-06 17:36:14,,2026-06-06 17:36:14
650,846,7,2021-04-08 22:20:10,,2021-04-08 22:20:10
651,847,11,2026-01-27 23:54:08,,2026-01-27 23:54:08
652,848,7,2024-10-28 12:35:57,—,2024-10-28 12:35:57
653,849,4,2023-10-10 05:30:55,,2023-10-10 05:30:55
654,850,13,2026-12-11 20:03:34,,2026-12-11 20:03:34
655,852,3,2024-09-14 00:24:10,,2024-09-14 00:24:10
656,853,5,2021-09-17 08:37:36,,2021-09-17 08:37:36
657,854,14,2022-09-11 14:44:29,,2022-09-11 14:44:29
658,855,7,2024-11-03 06:41:40,,2024-11-03 06:41:40
659,856,5,2021-01-19 16:39:47,,2021-01-19 16:39:47
660,857,13,2021-02-17 06:13:10,OK,2021-02-17 06:13:10
661,859,3,2022-04-10 11:35:59,,2022-04-10 11:35:59
662,860,1,2023-12-07 19:33:31,,2023-12-07 19:33:31
663,861,13,2024-10-27 15:06:00,,2024-10-27 15:06:00
664,862,5,2026-01-02 15:57:57,,2026-01-02 15:57:57
665,864,14,2023-01-05 07:41:58,,2023-01-05 07:41:58
666,865,2,2024-10-10 02:53:17,,2024-10-10 02:53:17
667,866,7,2025-09-12 03:18:10,,2025-09-12 03:18:10
668,867,14,2027-01-06 08:11:20,,2027-01-06 08:11:20
669,868,7,2025-09-01 20:12:12,,2025-09-01 20:12:12
670,869,7,2025-01-10 11:02:44,,2025-01-10 11:02:44
671,870,7,2023-05-04 12:58:15,,2023-05-04 12:58:15
672,871,4,2024-06-20 13:23:54,,2024-06-20 13:23:54
673,872,14,2020-03-13 11:55:34,,2020-03-13 11:55:34
674,873,2,2026-09-02 12:23:36,,2026-09-02 12:23:36
675,874,14,2023-03-28 21:53:25,,2023-03-28 21:53:25
676,876,3,2024-10-10 05:39:57,,2024-10-10 05:39:57
677,877,2,2022-05-14 05:00:49,,2022-05-14 05:00:49
678,878,5,2026-11-29 04:23:16,,2026-11-29 04:23:16
679,879,1,2025-12-22 08:33:18,,2025-12-22 08:33:18
680,880,1,2023-06-13 08:47:04,,2023-06-13 08:47:04
681,883,11,2024-10-07 05:02:19,ok!,2024-10-07 05:02:19
682,884,11,2026-10-27 14:15:09,,2026-10-27 14:15:09
683,885,11,2024-11-22 11:07:27,,2024-11-22 11:07:27
684,886,4,2026-12-16 15:30:24,,2026-12-16 15:30:24
685,887,13,2026-10-14 11:17:44,,2026-10-14 11:17:44
686,888,15,2024-12-17 16:16:58,,2024-12-17 16:16:58
687,889,13,2025-02-10 15:52:36,,2025-02-10 15:52:36
688,890,13,2021-01-23 18:06:56,,2021-01-23 18:06:56
689,891,2,2020-08-11 14:33:42,,2020-08-11 14:33:42
690,893,2,2024-02-18 06:47:03,,2024-02-18 06:47:03
691,894,13,2025-09-27 00:24:55,,2025-09-27 00:24:55
692,895,4,2025-04-18 09:01:01,,2025-04-18 09:01:01
693,896,3,2023-08-30 16:28:34,,2023-08-30 16:28:34
694,897,14,2025-09-08 07:56:12,,2025-09-08 07:56:12
695,898,2,2024-02-10 17:21:11,,2024-02-10 17:21:11
696,900,11,2026-12-16 16:39:44,,2026-12-16 16:39:44
697,901,5,2026-02-19 06:18:26,ver com gerente,2026-02-19 06:18:26
698,902,15,2025-08-13 09:05:20,,2025-08-13 09:05:20
699,904,7,2023-01-07 15:03:08,,2023-01-07 15:03:08
700,905,13,2026-12-06 12:26:40,,2026-12-06 12:26:40
701,906,1,2024-12-22 08:20:38,,2024-12-22 08:20:38
702,908,4,2023-11-18 10:26:07,,2023-11-18 10:26:07
703,909,5,2026-12-16 14:03:15,,2026-12-16 14:03:15
704,910,4,2024-10-27 11:48:11,,2024-10-27 11:48:11
705,911,7,2026-08-28 10:23:48,,2026-08-28 10:23:48
706,913,5,2025-01-07 00:00:34,,2025-01-07 00:00:34
707,914,2,2023-12-04 01:24:15,OK,2023-12-04 01:24:15
708,915,3,2021-01-07 11:37:11,,2021-01-07 11:37:11
709,916,2,2023-10-14 14:21:18,,2023-10-14 14:21:18
710,917,3,2021-11-23 11:36:30,,2021-11-23 11:36:30
711,918,4,2022-09-28 00:21:49,,2022-09-28 00:21:49
712,919,2,2025-06-09 07:20:33,,2025-06-09 07:20:33
713,921,7,2024-01-12 11:37:51,,2024-01-12 11:37:51
714,922,3,2024-01-29 20:44:16,,2024-01-29 20:44:16
715,924,1,2025-11-03 14:30:09,,2025-11-03 14:30:09
716,926,3,2026-11-30 20:00:17,,2026-11-30 20:00:17
717,927,2,2026-01-13 06:56:17,,2026-01-13 06:56:17
718,929,4,2023-07-30 23:08:50,,2023-07-30 23:08:50
719,930,13,2021-01-27 12:44:39,,2021-01-27 12:44:39
720,931,1,2020-08-03 21:22:35,,2020-08-03 21:22:35
721,932,1,2024-07-08 18:25:53,,2024-07-08 18:25:53
722,933,3,2025-09-29 12:56:36,,2025-09-29 12:56:36
723,934,5,2024-10-22 11:51:29,,2024-10-22 11:51:29
724,935,15,2023-05-20 02:53:41,,2023-05-20 02:53:41
725,936,15,2024-08-21 06:17:50,,2024-08-21 06:17:50
726,937,2,2025-11-15 04:03:43,,2025-11-15 04:03:43
727,940,4,2024-01-03 14:19:54,,2024-01-03 14:19:54
728,941,13,2025-08-01 16:17:10,,2025-08-01 16:17:10
729,942,13,2020-11-14 21:00:47,,2020-11-14 21:00:47
730,943,2,2024-02-01 20:40:45,,2024-02-01 20:40:45
731,945,15,2021-10-02 15:12:59,,2021-10-02 15:12:59
732,946,7,2026-10-26 19:25:00,,2026-10-26 19:25:00
733,947,14,2023-06-11 17:31:21,,2023-06-11 17:31:21
734,948,11,2024-05-25 14:37:09,,2024-05-25 14:37:09
735,949,13,2026-02-09 04:54:39,,2026-02-09 04:54:39
736,950,7,2025-07-21 03:53:27,,2025-07-21 03:53:27
737,952,2,2026-01-07 11:58:00,,2026-01-07 11:58:00
738,953,4,2026-10-26 14:55:27,,2026-10-26 14:55:27
739,954,2,2026-09-08 16:21:46,,2026-09-08 16:21:46
740,955,14,2026-11-18 05:36:41,,2026-11-18 05:36:41
741,956,5,2026-10-01 04:00:57,,2026-10-01 04:00:57
742,960,2,2022-12-02 00:35:28,,2022-12-02 00:35:28
743,961,15,2025-08-19 09:42:46,,2025-08-19 09:42:46
744,962,2,2021-10-05 07:59:35,,2021-10-05 07:59:35
745,964,13,2020-11-05 13:08:18,,2020-11-05 13:08:18
746,965,4,2026-11-08 17:21:04,,2026-11-08 17:21:04
747,966,11,2026-12-01 04:38:23,,2026-12-01 04:38:23
748,967,5,2025-01-17 20:52:53,,2025-01-17 20:52:53
749,968,2,2024-11-04 20:16:49,,2024-11-04 20:16:49
750,969,2,2025-10-04 14:08:50,,2025-10-04 14:08:50
751,970,3,2024-07-03 08:32:20,,2024-07-03 08:32:20
752,973,3,2025-08-13 05:52:19,,2025-08-13 05:52:19
753,974,1,2021-07-28 07:04:20,,2021-07-28 07:04:20
754,975,15,2026-04-18 02:03:00,,2026-04-18 02:03:00
755,976,5,2021-11-13 14:55:38,,2021-11-13 14:55:38
756,977,15,2021-08-15 22:13:02,,2021-08-15 22:13:02
757,978,15,2026-07-09 17:22:29,,2026-07-09 17:22:29
758,979,15,2021-11-14 09:57:56,,2021-11-14 09:57:56
759,980,7,2024-10-12 06:37:27,,2024-10-12 06:37:27
760,981,1,2025-12-06 20:01:29,,2025-12-06 20:01:29
761,982,5,2026-12-04 07:09:51,,2026-12-04 07:09:51
762,983,14,2020-09-29 00:36:12,,2020-09-29 00:36:12
763,984,14,2025-02-14 18:31:10,,2025-02-14 18:31:10
764,985,4,2024-07-03 16:14:54,,2024-07-03 16:14:54
765,986,13,2026-03-23 10:37:00,,2026-03-23 10:37:00
766,987,3,2026-01-13 16:33:16,,2026-01-13 16:33:16
767,989,13,2024-12-24 02:34:01,,2024-12-24 02:34:01
768,990,15,2025-09-09 22:07:40,,2025-09-09 22:07:40
769,991,15,2025-01-31 05:52:23,,2025-01-31 05:52:23
770,994,11,2026-12-04 13:57:55,,2026-12-04 13:57:55
771,995,4,2026-05-16 06:00:29,,2026-05-16 06:00:29
772,996,2,2025-02-04 01:51:39,,2025-02-04 01:51:39
773,997,14,2022-10-09 06:06:41,ok!,2022-10-09 06:06:41
774,998,15,2023-09-26 00:13:46,,2023-09-26 00:13:46
775,999,11,2020-09-13 07:18:16,,2020-09-13 07:18:16
776,1000,15,2026-07-10 13:54:58,,2026-07-10 13:54:58
777,1001,3,2027-01-09 18:08:15,,2027-01-09 18:08:15
778,1002,1,2021-02-06 21:19:58,,2021-02-06 21:19:58
779,1003,7,2024-10-20 11:15:49,,2024-10-20 11:15:49
780,1004,1,2022-08-16 12:55:30,,2022-08-16 12:55:30
781,1005,1,2024-08-26 20:49:33,...,2024-08-26 20:49:33
782,1006,3,2022-03-10 15:09:49,,2022-03-10 15:09:49
783,1007,13,2020-12-28 15:24:01,,2020-12-28 15:24:01
784,1008,13,2026-10-21 00:18:27,,2026-10-21 00:18:27
785,1009,7,2026-11-02 12:21:54,conferido,2026-11-02 12:21:54
786,1010,2,2024-10-24 22:51:32,checar,2024-10-24 22:51:32
787,1011,13,2025-02-06 16:25:16,,2025-02-06 16:25:16
788,1013,2,2023-11-16 06:45:54,,2023-11-16 06:45:54
789,1014,15,2024-09-16 15:04:36,,2024-09-16 15:04:36
790,1015,11,2025-12-04 00:30:10,,2025-12-04 00:30:10
791,1016,7,2023-09-22 15:15:31,ver com gerente,2023-09-22 15:15:31
792,1018,2,2024-12-29 14:04:42,,2024-12-29 14:04:42
793,1019,2,2022-09-13 20:30:41,,2022-09-13 20:30:41
794,1021,4,2026-11-04 12:41:30,,2026-11-04 12:41:30
795,1022,7,2027-01-08 05:11:49,,2027-01-08 05:11:49
796,1024,1,2024-08-22 00:43:51,,2024-08-22 00:43:51
797,1025,14,2023-12-23 18:38:05,,2023-12-23 18:38:05
798,1027,2,2020-12-15 09:11:07,,2020-12-15 09:11:07
799,1028,5,2026-11-22 16:10:26,,2026-11-22 16:10:26
800,1029,2,2025-10-22 13:34:45,,2025-10-22 13:34:45
801,1030,11,2025-10-17 19:52:35,,2025-10-17 19:52:35
802,1031,1,2023-03-01 02:07:01,,2023-03-01 02:07:01
803,1032,14,2024-08-20 06:04:23,,2024-08-20 06:04:23
804,1033,15,2024-09-21 13:09:36,,2024-09-21 13:09:36
805,1034,1,2023-09-04 13:32:06,,2023-09-04 13:32:06
806,1036,15,2022-12-01 14:16:00,,2022-12-01 14:16:00
807,1037,14,2025-02-14 13:46:01,,2025-02-14 13:46:01
808,1039,15,2022-08-24 18:39:37,,2022-08-24 18:39:37
809,1040,2,2026-01-16 16:09:04,,2026-01-16 16:09:04
810,1041,5,2025-01-09 03:18:42,,2025-01-09 03:18:42
811,1042,5,2021-12-11 15:06:11,,2021-12-11 15:06:11
812,1043,14,2021-10-25 14:46:02,,2021-10-25 14:46:02
813,1044,4,2022-10-22 06:36:58,,2022-10-22 06:36:58
814,1045,2,2020-08-11 13:45:20,,2020-08-11 13:45:20
815,1046,2,2026-05-01 12:55:37,,2026-05-01 12:55:37
816,1048,1,2023-09-20 15:34:29,,2023-09-20 15:34:29
817,1049,15,2020-10-06 21:29:30,,2020-10-06 21:29:30
818,1051,1,2024-11-16 13:24:30,,2024-11-16 13:24:30
819,1053,2,2024-02-24 14:44:55,,2024-02-24 14:44:55
820,1054,15,2022-10-24 09:32:09,,2022-10-24 09:32:09
821,1055,2,2027-01-08 21:58:36,,2027-01-08 21:58:36
822,1056,11,2020-04-03 03:52:36,,2020-04-03 03:52:36
823,1057,2,2024-10-12 19:33:43,,2024-10-12 19:33:43
824,1058,7,2025-10-17 09:56:20,,2025-10-17 09:56:20
825,1059,1,2022-01-22 00:31:00,,2022-01-22 00:31:00
826,1060,13,2025-07-17 12:02:43,,2025-07-17 12:02:43
827,1062,14,2022-05-29 17:52:17,,2022-05-29 17:52:17
828,1065,5,2024-10-26 17:18:17,,2024-10-26 17:18:17
829,1067,7,2024-01-07 00:24:22,,2024-01-07 00:24:22
830,1068,4,2026-10-19 21:05:53,,2026-10-19 21:05:53
831,1070,2,2026-11-10 14:37:13,,2026-11-10 14:37:13
832,1071,13,2023-09-26 04:37:08,,2023-09-26 04:37:08
833,1072,1,2025-09-04 01:45:24,,2025-09-04 01:45:24
834,1073,14,2020-09-11 09:34:11,,2020-09-11 09:34:11
835,1074,3,2026-11-20 18:04:23,,2026-11-20 18:04:23
836,1075,1,2023-11-21 12:35:31,tudo certo,2023-11-21 12:35:31
837,1076,7,2020-03-31 09:06:13,,2020-03-31 09:06:13
838,1077,3,2025-10-17 09:29:18,,2025-10-17 09:29:18
839,1078,3,2026-11-30 21:12:16,,2026-11-30 21:12:16
840,1079,11,2024-03-06 13:04:42,,2024-03-06 13:04:42
841,1081,15,2020-04-28 16:57:59,,2020-04-28 16:57:59
842,1082,13,2023-02-11 23:30:39,ok,2023-02-11 23:30:39
843,1084,5,2023-09-07 03:29:29,,2023-09-07 03:29:29
844,1085,11,2023-12-31 11:36:07,,2023-12-31 11:36:07
845,1087,7,2024-08-26 03:35:44,,2024-08-26 03:35:44
846,1088,13,2023-06-22 14:01:30,,2023-06-22 14:01:30
847,1089,13,2025-10-08 07:06:18,,2025-10-08 07:06:18
848,1090,4,2022-01-29 11:02:19,,2022-01-29 11:02:19
849,1091,11,2026-02-09 04:08:07,,2026-02-09 04:08:07
850,1092,7,2023-10-03 11:37:14,tudo certo,2023-10-03 11:37:14
851,1093,4,2021-11-13 12:15:28,checar,2021-11-13 12:15:28
852,1094,1,2022-10-11 11:04:22,,2022-10-11 11:04:22
853,1095,4,2024-03-31 01:25:07,,2024-03-31 01:25:07
854,1096,13,2022-01-31 21:21:03,,2022-01-31 21:21:03
855,1097,11,2022-08-15 21:44:55,,2022-08-15 21:44:55
856,1099,14,2020-11-07 18:33:07,,2020-11-07 18:33:07
857,1100,11,2020-08-19 22:11:09,,2020-08-19 22:11:09
858,1101,14,2026-11-22 00:48:17,,2026-11-22 00:48:17
859,1102,14,2025-07-13 20:25:09,,2025-07-13 20:25:09
860,1103,4,2022-04-26 00:08:07,,2022-04-26 00:08:07
861,1105,11,2025-09-15 06:56:52,,2025-09-15 06:56:52
862,1106,1,2026-06-17 11:51:59,,2026-06-17 11:51:59
863,1107,2,2022-08-11 23:21:57,,2022-08-11 23:21:57
864,1109,2,2023-11-28 21:16:34,,2023-11-28 21:16:34
865,1110,13,2025-10-06 20:14:09,,2025-10-06 20:14:09
866,1111,1,2023-07-29 09:53:25,,2023-07-29 09:53:25
867,1112,3,2026-05-30 10:54:14,,2026-05-30 10:54:14
868,1113,7,2025-10-14 09:02:50,,2025-10-14 09:02:50
869,1114,13,2025-12-31 17:48:00,,2025-12-31 17:48:00
870,1116,11,2023-08-10 15:52:33,,2023-08-10 15:52:33
871,1119,1,2026-11-23 12:10:52,,2026-11-23 12:10:52
872,1120,11,2020-02-20 01:09:33,,2020-02-20 01:09:33
873,1122,3,2025-09-07 19:29:00,,2025-09-07 19:29:00
874,1123,1,2024-07-09 09:53:54,,2024-07-09 09:53:54
875,1124,11,2025-03-25 07:15:26,,2025-03-25 07:15:26
876,1125,7,2025-01-26 10:41:38,,2025-01-26 10:41:38
877,1126,14,2022-12-24 22:08:05,,2022-12-24 22:08:05
878,1127,5,2023-10-25 23:44:12,,2023-10-25 23:44:12
879,1128,2,2025-09-07 15:31:07,,2025-09-07 15:31:07
880,1129,15,2025-06-29 19:31:55,,2025-06-29 19:31:55
881,1130,5,2026-04-25 05:53:18,,2026-04-25 05:53:18
882,1131,14,2022-03-14 20:33:55,,2022-03-14 20:33:55
883,1132,15,2020-11-23 02:49:27,,2020-11-23 02:49:27
884,1133,11,2023-09-26 17:33:26,,2023-09-26 17:33:26
885,1135,2,2025-08-29 06:51:02,,2025-08-29 06:51:02
886,1136,14,2021-06-01 04:43:00,,2021-06-01 04:43:00
887,1138,1,2022-01-20 11:01:54,,2022-01-20 11:01:54
888,1139,13,2023-11-09 21:25:15,,2023-11-09 21:25:15
889,1140,1,2021-12-29 09:00:21,,2021-12-29 09:00:21
890,1142,11,2020-10-07 00:22:49,,2020-10-07 00:22:49
891,1144,13,2020-12-16 21:10:40,,2020-12-16 21:10:40
892,1145,4,2020-01-15 05:31:21,,2020-01-15 05:31:21
893,1147,5,2026-11-12 03:18:10,,2026-11-12 03:18:10
894,1148,14,2021-07-23 16:28:37,,2021-07-23 16:28:37
895,1150,7,2025-08-26 04:51:33,,2025-08-26 04:51:33
896,1151,15,2027-01-03 17:33:36,,2027-01-03 17:33:36
897,1152,4,2026-02-21 20:37:24,,2026-02-21 20:37:24
898,1153,7,2026-08-11 17:57:01,,2026-08-11 17:57:01
899,1155,11,2021-10-29 03:46:50,,2021-10-29 03:46:50
900,1156,11,2020-12-04 12:34:42,,2020-12-04 12:34:42
901,1157,13,2024-07-03 15:27:08,,2024-07-03 15:27:08
902,1158,3,2023-09-07 18:11:02,,2023-09-07 18:11:02
903,1160,3,2026-08-18 02:50:02,,2026-08-18 02:50:02
904,1161,13,2020-10-06 05:47:29,,2020-10-06 05:47:29
905,1162,14,2022-09-08 10:05:10,,2022-09-08 10:05:10
906,1163,15,2026-10-12 20:38:09,,2026-10-12 20:38:09
907,1165,5,2026-12-31 07:24:13,,2026-12-31 07:24:13
908,1166,5,2026-03-11 04:15:26,,2026-03-11 04:15:26
909,1167,11,2025-12-25 05:07:29,,2025-12-25 05:07:29
910,1168,4,2025-07-03 19:47:41,,2025-07-03 19:47:41
911,1172,15,2023-10-31 08:12:05,,2023-10-31 08:12:05
912,1173,7,2021-10-14 06:50:45,,2021-10-14 06:50:45
913,1174,14,2026-09-02 02:17:19,,2026-09-02 02:17:19
914,1176,2,2020-11-08 03:43:51,,2020-11-08 03:43:51
915,1177,13,2024-11-10 21:50:50,ok,2024-11-10 21:50:50
916,1179,7,2024-01-30 16:19:28,,2024-01-30 16:19:28
917,1180,4,2020-09-23 19:38:40,,2020-09-23 19:38:40
918,1181,2,2023-11-20 17:31:06,,2023-11-20 17:31:06
919,1182,13,2021-05-16 01:37:23,,2021-05-16 01:37:23
920,1184,3,2022-09-10 19:33:33,,2022-09-10 19:33:33
921,1185,14,2022-03-06 10:02:58,,2022-03-06 10:02:58
922,1186,15,2026-06-21 09:27:03,,2026-06-21 09:27:03
923,1187,2,2024-11-01 18:48:57,,2024-11-01 18:48:57
924,1188,2,2023-11-26 10:57:10,,2023-11-26 10:57:10
925,1190,7,2025-04-07 09:10:02,,2025-04-07 09:10:02
926,1191,2,2025-01-20 21:24:32,,2025-01-20 21:24:32
927,1192,5,2026-03-31 20:03:41,,2026-03-31 20:03:41
928,1193,2,2026-08-03 22:55:09,,2026-08-03 22:55:09
929,1194,11,2020-11-25 01:14:31,,2020-11-25 01:14:31
930,1195,1,2022-04-01 15:32:59,,2022-04-01 15:32:59
931,1196,11,2025-06-20 12:58:02,,2025-06-20 12:58:02
932,1197,2,2026-02-09 20:47:08,,2026-02-09 20:47:08
933,1198,15,2025-07-22 17:07:32,ok,2025-07-22 17:07:32
934,1199,1,2025-03-13 07:25:03,,2025-03-13 07:25:03
935,1200,3,2025-01-11 18:04:52,,2025-01-11 18:04:52
936,1201,15,2020-08-20 03:21:28,ver com gerente,2020-08-20 03:21:28
937,1202,7,2022-11-29 04:31:21,,2022-11-29 04:31:21
938,1205,5,2026-01-10 05:42:43,,2026-01-10 05:42:43
939,1206,1,2025-11-26 01:18:04,,2025-11-26 01:18:04
940,1210,5,2021-09-25 13:55:53,,2021-09-25 13:55:53
941,1211,1,2023-01-13 00:53:41,,2023-01-13 00:53:41
942,1213,4,2021-05-19 18:03:54,,2021-05-19 18:03:54
943,1214,15,2024-10-17 09:29:58,,2024-10-17 09:29:58
944,1215,5,2020-11-17 19:58:27,,2020-11-17 19:58:27
945,1216,11,2020-05-27 08:25:51,,2020-05-27 08:25:51
946,1217,4,2023-08-16 14:28:47,ver com gerente,2023-08-16 14:28:47
947,1218,2,2022-12-04 14:07:47,,2022-12-04 14:07:47
948,1219,11,2020-08-24 10:47:39,,2020-08-24 10:47:39
949,1221,3,2025-02-04 13:17:42,,2025-02-04 13:17:42
950,1222,14,2022-10-02 23:09:38,,2022-10-02 23:09:38
951,1223,2,2026-12-04 12:16:35,,2026-12-04 12:16:35
952,1224,2,2026-05-06 04:39:59,,2026-05-06 04:39:59
953,1225,4,2026-08-03 17:41:55,,2026-08-03 17:41:55
954,1226,14,2026-09-09 21:06:37,,2026-09-09 21:06:37
955,1227,1,2022-06-29 15:36:21,,2022-06-29 15:36:21
956,1229,13,2022-01-19 21:58:01,,2022-01-19 21:58:01
957,1230,4,2022-10-04 16:15:49,,2022-10-04 16:15:49
958,1231,4,2022-10-21 22:32:34,,2022-10-21 22:32:34
959,1232,11,2026-10-26 12:29:11,,2026-10-26 12:29:11
960,1233,2,2022-03-18 18:52:22,,2022-03-18 18:52:22
961,1234,13,2024-08-16 18:54:15,,2024-08-16 18:54:15
962,1236,11,2023-12-29 22:34:57,,2023-12-29 22:34:57
963,1237,15,2024-09-14 08:34:20,,2024-09-14 08:34:20
964,1239,15,2025-10-15 12:21:04,,2025-10-15 12:21:04
965,1240,7,2026-09-24 11:37:56,,2026-09-24 11:37:56
966,1241,2,2025-03-28 17:45:35,,2025-03-28 17:45:35
967,1242,15,2023-10-04 14:08:29,,2023-10-04 14:08:29
968,1243,2,2023-11-03 20:56:19,—,2023-11-03 20:56:19
969,1244,7,2026-08-27 07:54:48,ok!,2026-08-27 07:54:48
970,1245,13,2021-10-06 14:17:48,,2021-10-06 14:17:48
971,1246,11,2026-07-08 03:36:04,,2026-07-08 03:36:04
972,1247,15,2020-07-29 15:26:09,,2020-07-29 15:26:09
973,1249,2,2020-09-17 03:07:22,,2020-09-17 03:07:22
974,1250,2,2025-01-09 15:34:32,,2025-01-09 15:34:32
975,1251,14,2023-11-16 00:38:11,,2023-11-16 00:38:11
976,1252,7,2025-07-06 01:26:11,,2025-07-06 01:26:11
977,1253,14,2026-08-03 14:23:42,,2026-08-03 14:23:42
978,1254,3,2026-10-21 13:32:41,,2026-10-21 13:32:41
979,1256,4,2024-11-04 01:57:19,,2024-11-04 01:57:19
980,1257,4,2025-08-19 22:20:16,,2025-08-19 22:20:16
981,1258,3,2021-10-23 08:44:55,,2021-10-23 08:44:55
982,1259,7,2022-12-20 15:18:15,,2022-12-20 15:18:15
983,1260,2,2024-06-15 22:36:24,,2024-06-15 22:36:24
984,1261,2,2026-05-10 08:53:37,,2026-05-10 08:53:37
985,1263,13,2021-12-05 21:03:54,,2021-12-05 21:03:54
986,1264,2,2020-10-03 16:37:28,,2020-10-03 16:37:28
987,1265,13,2025-01-17 11:23:39,,2025-01-17 11:23:39
988,1266,11,2022-10-12 20:30:18,,2022-10-12 20:30:18
989,1268,2,2022-12-29 06:50:51,ver com gerente,2022-12-29 06:50:51
990,1269,2,2023-01-20 15:39:00,,2023-01-20 15:39:00
991,1270,2,2026-12-20 08:54:10,,2026-12-20 08:54:10
992,1271,11,2024-12-31 10:57:09,tudo certo,2024-12-31 10:57:09
993,1272,13,2022-12-20 04:11:14,,2022-12-20 04:11:14
994,1273,15,2021-03-22 00:43:04,,2021-03-22 00:43:04
995,1274,15,2022-12-31 16:37:42,,2022-12-31 16:37:42
996,1275,4,2021-03-28 06:28:15,,2021-03-28 06:28:15
997,1277,7,2025-07-23 07:29:25,,2025-07-23 07:29:25
998,1278,13,2025-11-23 05:52:49,,2025-11-23 05:52:49
999,1279,3,2026-09-05 08:46:48,,2026-09-05 08:46:48
1000,1280,15,2022-09-24 19:27:22,,2022-09-24 19:27:22
1001,1281,3,2023-07-25 14:27:35,,2023-07-25 14:27:35
1002,1282,1,2021-09-18 16:59:55,,2021-09-18 16:59:55
1003,1283,5,2020-02-23 17:53:26,OK,2020-02-23 17:53:26
1004,1285,1,2020-05-01 11:11:39,,2020-05-01 11:11:39
1005,1286,4,2026-12-23 14:33:40,,2026-12-23 14:33:40
1006,1287,1,2026-10-23 03:07:02,,2026-10-23 03:07:02
1007,1289,11,2025-11-09 06:05:44,,2025-11-09 06:05:44
1008,1293,15,2024-01-09 04:35:44,,2024-01-09 04:35:44
1009,1294,4,2023-11-10 12:12:03,,2023-11-10 12:12:03
1010,1295,13,2020-10-10 19:38:18,,2020-10-10 19:38:18
1011,1296,13,2024-12-04 14:19:11,,2024-12-04 14:19:11
1012,1297,5,2023-12-24 03:11:30,,2023-12-24 03:11:30
1013,1298,15,2026-05-15 02:55:22,,2026-05-15 02:55:22
1014,1299,11,2023-10-29 15:57:43,,2023-10-29 15:57:43
1015,1300,13,2024-10-08 23:40:56,,2024-10-08 23:40:56
1016,1301,2,2026-12-23 19:56:06,,2026-12-23 19:56:06
1017,1302,7,2026-07-13 11:38:00,,2026-07-13 11:38:00
1018,1303,3,2025-11-25 20:13:47,,2025-11-25 20:13:47
1019,1305,3,2024-06-03 12:00:47,,2024-06-03 12:00:47
1020,1306,3,2026-01-04 16:00:07,,2026-01-04 16:00:07
1021,1307,2,2026-12-02 11:43:46,tudo certo,2026-12-02 11:43:46
1022,1309,5,2023-09-17 16:29:20,,2023-09-17 16:29:20
1023,1310,15,2027-01-22 16:47:20,,2027-01-22 16:47:20
1024,1311,3,2022-12-08 06:35:20,,2022-12-08 06:35:20
1025,1312,5,2025-10-01 23:56:15,,2025-10-01 23:56:15
1026,1313,5,2026-08-13 06:01:57,,2026-08-13 06:01:57
1027,1314,13,2020-11-08 03:32:17,,2020-11-08 03:32:17
1028,1315,7,2023-08-20 18:57:37,,2023-08-20 18:57:37
1029,1317,4,2024-12-02 14:20:15,,2024-12-02 14:20:15
1030,1318,3,2025-04-15 09:14:32,,2025-04-15 09:14:32
1031,1319,11,2024-12-19 13:42:05,,2024-12-19 13:42:05
1032,1320,4,2026-10-24 10:40:19,,2026-10-24 10:40:19
1033,1321,11,2026-11-08 16:02:21,,2026-11-08 16:02:21
1034,1322,2,2026-11-14 23:04:56,,2026-11-14 23:04:56
1035,1323,5,2020-10-28 16:29:44,,2020-10-28 16:29:44
1036,1324,14,2023-08-18 05:48:49,,2023-08-18 05:48:49
1037,1325,3,2026-08-18 20:50:05,,2026-08-18 20:50:05
1038,1327,1,2026-02-27 02:47:05,,2026-02-27 02:47:05
1039,1329,13,2024-01-28 13:09:53,,2024-01-28 13:09:53
1040,1330,14,2020-11-10 08:00:02,tudo certo,2020-11-10 08:00:02
1041,1331,7,2026-07-30 13:25:28,tudo certo,2026-07-30 13:25:28
1042,1334,3,2022-11-28 15:10:58,,2022-11-28 15:10:58
1043,1335,3,2023-11-29 16:02:00,...,2023-11-29 16:02:00
1044,1336,11,2026-05-22 16:06:02,,2026-05-22 16:06:02
1045,1337,2,2026-11-09 20:17:43,,2026-11-09 20:17:43
1046,1338,7,2023-03-02 17:35:56,,2023-03-02 17:35:56
1047,1340,3,2026-11-16 20:02:26,,2026-11-16 20:02:26
1048,1341,5,2024-01-26 18:04:00,,2024-01-26 18:04:00
1049,1342,1,2023-03-15 02:19:01,,2023-03-15 02:19:01
1050,1344,15,2023-11-23 23:38:12,,2023-11-23 23:38:12
1051,1347,11,2022-11-27 05:48:54,,2022-11-27 05:48:54
1052,1348,7,2023-12-11 08:56:33,,2023-12-11 08:56:33
1053,1350,7,2024-06-17 03:57:09,,2024-06-17 03:57:09
1054,1351,13,2022-11-13 20:01:40,,2022-11-13 20:01:40
1055,1352,15,2025-09-20 06:09:51,,2025-09-20 06:09:51
1056,1353,1,2025-10-30 01:21:21,,2025-10-30 01:21:21
1057,1355,15,2020-02-05 12:45:48,,2020-02-05 12:45:48
1058,1357,15,2024-06-24 04:08:03,,2024-06-24 04:08:03
1059,1360,2,2023-12-13 10:56:14,,2023-12-13 10:56:14
1060,1361,3,2021-07-05 06:58:02,,2021-07-05 06:58:02
1061,1363,11,2025-10-03 16:30:44,,2025-10-03 16:30:44
1062,1365,4,2025-11-18 07:49:07,,2025-11-18 07:49:07
1063,1366,14,2026-05-14 23:08:28,,2026-05-14 23:08:28
1064,1367,13,2026-02-03 17:57:58,,2026-02-03 17:57:58
1065,1368,3,2020-01-22 03:19:46,,2020-01-22 03:19:46
1066,1369,7,2022-10-20 21:16:20,,2022-10-20 21:16:20
1067,1370,7,2025-04-27 06:18:02,,2025-04-27 06:18:02
1068,1371,5,2024-08-20 23:06:11,,2024-08-20 23:06:11
1069,1373,15,2026-10-10 01:37:25,,2026-10-10 01:37:25
1070,1374,5,2025-01-02 00:12:20,,2025-01-02 00:12:20
1071,1375,5,2024-10-09 08:54:27,,2024-10-09 08:54:27
1072,1376,7,2022-09-01 21:19:57,,2022-09-01 21:19:57
1073,1377,3,2023-04-12 09:09:09,,2023-04-12 09:09:09
1074,1378,13,2020-11-08 10:31:22,,2020-11-08 10:31:22
1075,1379,11,2020-11-12 02:11:15,,2020-11-12 02:11:15
1076,1380,3,2025-12-05 04:39:56,,2025-12-05 04:39:56
1077,1382,13,2024-08-05 22:00:20,,2024-08-05 22:00:20
1078,1384,13,2022-01-06 11:54:19,,2022-01-06 11:54:19
1079,1386,5,2022-01-13 16:07:03,,2022-01-13 16:07:03
1080,1387,1,2026-11-05 01:21:47,,2026-11-05 01:21:47
1081,1388,2,2026-08-03 14:41:03,,2026-08-03 14:41:03
1082,1389,3,2026-11-15 06:10:32,,2026-11-15 06:10:32
1083,1390,11,2026-11-16 12:44:46,,2026-11-16 12:44:46
1084,1391,11,2020-12-22 22:25:14,,2020-12-22 22:25:14
1085,1392,4,2025-08-21 14:13:57,,2025-08-21 14:13:57
1086,1393,13,2020-11-24 18:26:06,,2020-11-24 18:26:06
1087,1394,13,2023-11-12 22:47:02,,2023-11-12 22:47:02
1088,1395,15,2027-01-04 23:02:28,,2027-01-04 23:02:28
1089,1396,14,2022-08-14 07:34:46,,2022-08-14 07:34:46
1090,1397,7,2024-10-26 22:41:23,,2024-10-26 22:41:23
1091,1399,5,2022-11-09 17:16:54,,2022-11-09 17:16:54
1092,1400,3,2022-02-23 14:26:44,,2022-02-23 14:26:44
1093,1401,3,2025-10-19 11:57:25,,2025-10-19 11:57:25
1094,1403,7,2025-09-19 03:41:20,,2025-09-19 03:41:20
1095,1404,5,2025-01-31 18:48:59,,2025-01-31 18:48:59
1096,1405,13,2021-11-24 17:05:34,,2021-11-24 17:05:34
1097,1406,7,2024-11-06 06:31:01,,2024-11-06 06:31:01
1098,1407,5,2026-11-29 05:12:56,,2026-11-29 05:12:56
1099,1408,11,2024-04-30 22:00:38,,2024-04-30 22:00:38
1100,1409,14,2025-11-03 02:08:46,,2025-11-03 02:08:46
1101,1410,4,2023-05-31 00:05:06,,2023-05-31 00:05:06
1102,1411,4,2022-12-02 05:20:51,,2022-12-02 05:20:51
1103,1413,15,2025-01-13 15:33:19,,2025-01-13 15:33:19
1104,1414,7,2024-10-10 11:00:55,tudo certo,2024-10-10 11:00:55
1105,1416,3,2021-11-04 11:19:53,,2021-11-04 11:19:53
1106,1417,13,2020-05-30 20:39:29,,2020-05-30 20:39:29
1107,1418,14,2027-01-13 07:28:42,,2027-01-13 07:28:42
1108,1421,3,2026-01-23 17:31:59,,2026-01-23 17:31:59
1109,1422,14,2026-04-08 14:17:59,,2026-04-08 14:17:59
1110,1423,3,2023-10-15 02:41:02,,2023-10-15 02:41:02
1111,1425,2,2025-12-03 13:57:04,,2025-12-03 13:57:04
1112,1426,2,2024-08-31 02:25:48,,2024-08-31 02:25:48
1113,1428,2,2026-10-04 05:59:31,ver com gerente,2026-10-04 05:59:31
1114,1429,11,2024-02-25 20:15:31,,2024-02-25 20:15:31
1115,1431,14,2024-05-27 15:09:34,,2024-05-27 15:09:34
1116,1433,7,2026-11-07 05:47:03,,2026-11-07 05:47:03
1117,1434,14,2022-06-29 07:55:12,,2022-06-29 07:55:12
1118,1435,5,2024-12-02 00:36:21,,2024-12-02 00:36:21
1119,1436,3,2022-10-08 02:17:25,,2022-10-08 02:17:25
1120,1437,14,2025-11-20 06:55:14,,2025-11-20 06:55:14
1121,1438,4,2024-08-24 04:52:02,,2024-08-24 04:52:02
1122,1439,3,2024-11-27 16:08:33,,2024-11-27 16:08:33
1123,1440,11,2026-07-19 14:34:27,,2026-07-19 14:34:27
1124,1441,1,2025-12-29 23:13:01,,2025-12-29 23:13:01
1125,1442,2,2024-06-29 14:41:11,,2024-06-29 14:41:11
1126,1443,5,2023-02-16 23:11:47,,2023-02-16 23:11:47
1127,1444,3,2020-12-15 11:49:06,,2020-12-15 11:49:06
1128,1445,2,2026-10-18 10:10:17,,2026-10-18 10:10:17
1129,1446,7,2025-02-14 15:47:43,OK,2025-02-14 15:47:43
1130,1447,5,2023-10-24 01:53:11,,2023-10-24 01:53:11
1131,1449,15,2024-10-19 09:09:00,tudo certo,2024-10-19 09:09:00
1132,1450,5,2025-08-30 10:08:13,checar,2025-08-30 10:08:13
1133,1451,13,2026-11-28 23:13:50,,2026-11-28 23:13:50
1134,1452,3,2023-12-09 05:16:14,,2023-12-09 05:16:14
1135,1453,14,2026-02-10 20:38:01,,2026-02-10 20:38:01
1136,1454,14,2026-12-11 03:49:41,,2026-12-11 03:49:41
1137,1455,4,2025-11-09 06:29:42,,2025-11-09 06:29:42
1138,1456,15,2021-06-19 07:02:32,,2021-06-19 07:02:32
1139,1458,15,2021-09-20 17:52:54,,2021-09-20 17:52:54
1140,1459,5,2025-10-29 15:36:58,,2025-10-29 15:36:58
1141,1460,13,2024-12-17 15:22:50,,2024-12-17 15:22:50
1142,1461,2,2024-09-10 04:48:52,,2024-09-10 04:48:52
1143,1462,11,2023-11-28 04:48:14,,2023-11-28 04:48:14
1144,1463,3,2026-06-01 20:28:40,,2026-06-01 20:28:40
1145,1466,7,2021-11-18 13:52:45,,2021-11-18 13:52:45
1146,1467,11,2023-02-08 10:06:47,,2023-02-08 10:06:47
1147,1468,2,2026-08-06 03:12:01,,2026-08-06 03:12:01
1148,1469,14,2020-08-19 17:21:10,,2020-08-19 17:21:10
1149,1470,3,2025-09-10 06:32:58,,2025-09-10 06:32:58
1150,1472,13,2023-12-12 17:36:20,,2023-12-12 17:36:20
1151,1473,5,2024-09-07 11:50:25,,2024-09-07 11:50:25
1152,1475,15,2020-12-31 09:33:49,,2020-12-31 09:33:49
1153,1476,11,2021-12-25 16:22:52,,2021-12-25 16:22:52
1154,1477,3,2022-06-20 17:16:47,,2022-06-20 17:16:47
1155,1479,2,2025-02-27 22:37:03,,2025-02-27 22:37:03
1156,1480,14,2026-09-07 02:50:03,,2026-09-07 02:50:03
1157,1481,13,2026-06-21 01:03:47,,2026-06-21 01:03:47
1158,1483,15,2023-10-10 01:48:20,,2023-10-10 01:48:20
1159,1486,1,2022-12-30 19:34:56,,2022-12-30 19:34:56
1160,1487,14,2020-07-09 20:07:08,,2020-07-09 20:07:08
1161,1488,5,2021-04-21 18:08:41,,2021-04-21 18:08:41
1162,1489,7,2023-09-13 13:46:21,,2023-09-13 13:46:21
1163,1490,4,2021-01-26 15:39:36,,2021-01-26 15:39:36
1164,1492,4,2023-06-16 11:19:29,,2023-06-16 11:19:29
1165,1493,11,2021-12-11 18:17:39,,2021-12-11 18:17:39
1166,1495,5,2022-09-30 06:18:41,,2022-09-30 06:18:41
1167,1496,7,2026-12-27 11:52:45,,2026-12-27 11:52:45
1168,1501,1,2025-11-19 16:46:42,,2025-11-19 16:46:42
1169,1503,13,2020-09-20 12:38:47,,2020-09-20 12:38:47
1170,1504,2,2025-10-02 22:59:21,,2025-10-02 22:59:21
1171,1507,2,2023-10-18 04:28:14,,2023-10-18 04:28:14
1172,1511,11,2024-12-03 09:35:47,ok!,2024-12-03 09:35:47
1173,1512,1,2023-11-15 06:23:38,,2023-11-15 06:23:38
1174,1513,4,2026-04-15 20:59:06,,2026-04-15 20:59:06
1175,1515,13,2025-08-09 11:53:57,,2025-08-09 11:53:57
1176,1516,15,2024-01-09 04:44:40,,2024-01-09 04:44:40
1177,1517,15,2026-01-22 06:56:56,,2026-01-22 06:56:56
1178,1518,5,2022-05-22 01:08:07,,2022-05-22 01:08:07
1179,1519,14,2026-08-10 10:44:58,,2026-08-10 10:44:58
1180,1520,2,2026-09-29 11:12:37,,2026-09-29 11:12:37
1181,1522,13,2024-10-31 10:56:02,,2024-10-31 10:56:02
1182,1524,1,2023-12-20 12:19:02,,2023-12-20 12:19:02
1183,1525,5,2020-04-17 01:08:30,,2020-04-17 01:08:30
1184,1527,15,2026-09-18 12:02:42,,2026-09-18 12:02:42
1185,1528,1,2026-09-14 22:57:41,,2026-09-14 22:57:41
1186,1529,15,2022-01-24 21:05:11,,2022-01-24 21:05:11
1187,1530,1,2025-11-01 02:00:47,,2025-11-01 02:00:47
1188,1531,3,2022-12-09 21:37:06,ok!,2022-12-09 21:37:06
1189,1532,14,2024-12-19 09:25:53,,2024-12-19 09:25:53
1190,1533,1,2026-03-01 00:59:00,,2026-03-01 00:59:00
1191,1535,1,2023-08-03 20:43:47,,2023-08-03 20:43:47
1192,1536,4,2026-03-22 03:44:39,,2026-03-22 03:44:39
1193,1537,2,2021-03-19 13:04:48,,2021-03-19 13:04:48
1194,1538,15,2026-09-18 16:17:38,,2026-09-18 16:17:38
1195,1539,7,2021-10-06 10:11:08,,2021-10-06 10:11:08
1196,1540,3,2023-04-06 02:22:51,,2023-04-06 02:22:51
1197,1541,7,2024-01-17 22:11:06,,2024-01-17 22:11:06
1198,1542,2,2025-07-21 14:17:51,,2025-07-21 14:17:51
1199,1543,14,2026-12-06 17:33:29,,2026-12-06 17:33:29
1200,1545,15,2023-10-23 10:41:51,,2023-10-23 10:41:51
1201,1546,5,2025-02-01 00:26:15,,2025-02-01 00:26:15
1202,1547,14,2025-07-28 07:44:02,,2025-07-28 07:44:02
1203,1548,1,2023-12-11 11:50:30,checar,2023-12-11 11:50:30
1204,1549,15,2026-11-12 08:30:07,,2026-11-12 08:30:07
1205,1550,11,2026-01-11 10:14:52,,2026-01-11 10:14:52
1206,1552,11,2023-12-31 21:22:50,,2023-12-31 21:22:50
1207,1553,5,2025-12-30 08:46:09,,2025-12-30 08:46:09
1208,1554,13,2026-01-06 20:22:39,,2026-01-06 20:22:39
1209,1555,2,2021-02-14 03:06:27,,2021-02-14 03:06:27
1210,1556,7,2025-02-03 08:38:47,,2025-02-03 08:38:47
1211,1558,15,2022-07-28 21:37:03,,2022-07-28 21:37:03
1212,1559,7,2026-08-17 03:43:32,,2026-08-17 03:43:32
1213,1560,13,2025-01-21 12:38:51,,2025-01-21 12:38:51
1214,1561,15,2024-08-15 02:43:24,,2024-08-15 02:43:24
1215,1562,7,2026-12-10 00:16:25,,2026-12-10 00:16:25
1216,1563,4,2026-08-26 00:45:48,,2026-08-26 00:45:48
1217,1565,11,2025-02-20 07:57:33,,2025-02-20 07:57:33
1218,1566,14,2022-11-10 17:51:17,,2022-11-10 17:51:17
1219,1568,15,2025-10-13 04:52:28,,2025-10-13 04:52:28
1220,1570,13,2022-06-20 09:14:43,,2022-06-20 09:14:43
1221,1571,15,2024-08-23 07:52:15,,2024-08-23 07:52:15
1222,1572,13,2026-12-28 00:59:22,,2026-12-28 00:59:22
1223,1574,1,2027-01-11 17:23:17,,2027-01-11 17:23:17
1224,1575,4,2025-10-04 11:53:26,,2025-10-04 11:53:26
1225,1578,11,2021-09-09 18:19:18,,2021-09-09 18:19:18
1226,1579,3,2021-12-14 02:55:48,,2021-12-14 02:55:48
1227,1580,2,2026-08-17 03:30:42,,2026-08-17 03:30:42
1228,1581,2,2026-02-13 09:37:07,...,2026-02-13 09:37:07
1229,1582,7,2022-12-26 10:40:46,,2022-12-26 10:40:46
1230,1583,14,2026-07-30 04:38:13,,2026-07-30 04:38:13
1231,1584,14,2024-07-13 22:31:04,,2024-07-13 22:31:04
1232,1585,4,2022-07-21 03:31:05,,2022-07-21 03:31:05
1233,1586,15,2025-04-13 02:53:59,,2025-04-13 02:53:59
1234,1587,7,2023-01-03 12:33:15,,2023-01-03 12:33:15
1235,1588,4,2021-10-20 16:30:54,,2021-10-20 16:30:54
1236,1589,15,2025-01-18 14:38:43,,2025-01-18 14:38:43
1237,1590,15,2022-03-21 01:09:22,,2022-03-21 01:09:22
1238,1591,4,2022-01-30 05:54:39,,2022-01-30 05:54:39
1239,1592,15,2026-12-28 12:40:00,,2026-12-28 12:40:00
1240,1593,15,2024-09-28 10:52:00,,2024-09-28 10:52:00
1241,1595,5,2026-12-22 02:24:21,,2026-12-22 02:24:21
1242,1596,11,2021-12-04 18:22:24,,2021-12-04 18:22:24
1243,1597,11,2026-12-25 11:49:32,,2026-12-25 11:49:32
1244,1598,4,2022-12-27 08:09:15,,2022-12-27 08:09:15
1245,1599,3,2021-12-11 22:54:47,,2021-12-11 22:54:47
1246,1600,3,2025-11-24 19:01:41,,2025-11-24 19:01:41
1247,1603,5,2023-12-26 02:33:24,OK,2023-12-26 02:33:24
1248,1605,4,2022-10-03 14:42:36,,2022-10-03 14:42:36
1249,1606,15,2023-11-19 00:05:14,,2023-11-19 00:05:14
1250,1608,11,2020-09-23 21:00:48,,2020-09-23 21:00:48
1251,1609,4,2024-01-09 03:30:35,,2024-01-09 03:30:35
1252,1610,4,2025-08-01 00:13:15,,2025-08-01 00:13:15
1253,1611,11,2024-08-01 02:00:52,,2024-08-01 02:00:52
1254,1613,15,2025-11-19 02:53:47,,2025-11-19 02:53:47
1255,1615,2,2026-12-27 15:58:19,,2026-12-27 15:58:19
1256,1616,7,2024-10-31 16:20:16,,2024-10-31 16:20:16
1257,1617,11,2023-05-21 23:48:46,,2023-05-21 23:48:46
1258,1618,7,2023-10-04 23:08:12,,2023-10-04 23:08:12
1259,1619,3,2022-12-22 17:52:25,,2022-12-22 17:52:25
1260,1621,5,2021-10-29 18:47:08,,2021-10-29 18:47:08
1261,1622,15,2023-10-23 07:23:19,,2023-10-23 07:23:19
1262,1623,1,2024-11-23 12:32:56,,2024-11-23 12:32:56
1263,1625,3,2026-04-28 09:22:53,,2026-04-28 09:22:53
1264,1626,11,2026-09-13 07:42:51,,2026-09-13 07:42:51
1265,1627,3,2022-01-28 12:14:27,,2022-01-28 12:14:27
1266,1628,15,2026-10-30 23:35:59,,2026-10-30 23:35:59
1267,1629,3,2025-09-19 12:07:10,,2025-09-19 12:07:10
1268,1630,3,2022-12-02 01:12:16,,2022-12-02 01:12:16
1269,1631,5,2024-12-11 09:34:12,,2024-12-11 09:34:12
1270,1633,15,2025-10-29 02:50:04,,2025-10-29 02:50:04
1271,1634,7,2023-01-15 08:27:39,,2023-01-15 08:27:39
1272,1638,13,2026-12-29 21:07:59,,2026-12-29 21:07:59
1273,1639,7,2021-04-01 20:38:09,,2021-04-01 20:38:09
1274,1640,2,2021-11-14 02:40:30,,2021-11-14 02:40:30
1275,1642,7,2021-06-06 08:11:45,,2021-06-06 08:11:45
1276,1643,3,2025-10-25 01:26:48,,2025-10-25 01:26:48
1277,1644,4,2026-09-08 02:03:54,,2026-09-08 02:03:54
1278,1646,5,2024-11-17 18:42:55,,2024-11-17 18:42:55
1279,1647,4,2025-02-10 01:18:49,,2025-02-10 01:18:49
1280,1648,11,2023-11-30 07:53:02,,2023-11-30 07:53:02
1281,1650,11,2023-11-08 07:26:04,,2023-11-08 07:26:04
1282,1653,7,2026-06-30 17:22:00,,2026-06-30 17:22:00
1283,1654,7,2022-01-07 16:42:52,,2022-01-07 16:42:52
1284,1655,15,2024-09-09 06:18:20,,2024-09-09 06:18:20
1285,1656,3,2023-01-08 06:18:03,,2023-01-08 06:18:03
1286,1657,5,2023-09-01 21:25:59,,2023-09-01 21:25:59
1287,1658,7,2023-09-14 03:36:47,,2023-09-14 03:36:47
1288,1660,2,2026-10-01 18:01:32,,2026-10-01 18:01:32
1289,1662,15,2020-07-30 05:58:50,,2020-07-30 05:58:50
1290,1664,5,2022-09-28 19:47:27,,2022-09-28 19:47:27
1291,1665,11,2020-05-24 03:24:24,tudo certo,2020-05-24 03:24:24
1292,1666,11,2020-06-28 04:37:19,,2020-06-28 04:37:19
1293,1667,3,2027-01-19 11:06:27,,2027-01-19 11:06:27
1294,1669,11,2025-11-07 02:18:22,,2025-11-07 02:18:22
1295,1671,14,2020-08-20 21:22:53,,2020-08-20 21:22:53
1296,1674,4,2024-01-13 17:05:07,,2024-01-13 17:05:07
1297,1675,5,2020-07-29 10:24:40,,2020-07-29 10:24:40
1298,1676,2,2021-01-01 14:49:03,,2021-01-01 14:49:03
1299,1677,2,2024-02-22 19:29:20,,2024-02-22 19:29:20
1300,1678,15,2025-03-31 09:20:58,,2025-03-31 09:20:58
1301,1679,7,2023-12-15 20:46:43,,2023-12-15 20:46:43
1302,1680,13,2024-02-04 19:31:33,,2024-02-04 19:31:33
1303,1681,13,2020-11-25 09:10:44,,2020-11-25 09:10:44
1304,1683,4,2024-10-06 21:35:20,,2024-10-06 21:35:20
1305,1684,4,2021-05-20 21:28:09,,2021-05-20 21:28:09
1306,1686,11,2023-09-24 00:58:05,,2023-09-24 00:58:05
1307,1687,3,2021-03-26 04:55:28,,2021-03-26 04:55:28
1308,1688,14,2026-10-21 15:18:12,,2026-10-21 15:18:12
1309,1689,1,2026-11-12 03:09:59,,2026-11-12 03:09:59
1310,1690,14,2024-01-03 06:51:49,,2024-01-03 06:51:49
1311,1691,2,2021-10-05 20:27:44,,2021-10-05 20:27:44
1312,1692,3,2026-10-15 17:02:28,,2026-10-15 17:02:28
1313,1693,15,2021-10-19 00:19:51,,2021-10-19 00:19:51
1314,1694,14,2021-09-17 19:41:24,,2021-09-17 19:41:24
1315,1695,4,2021-08-16 18:04:21,,2021-08-16 18:04:21
1316,1696,7,2021-11-06 12:49:43,,2021-11-06 12:49:43
1317,1698,14,2026-12-11 08:39:33,,2026-12-11 08:39:33
1318,1701,7,2024-04-19 20:31:04,,2024-04-19 20:31:04
1319,1704,7,2024-09-18 10:54:03,,2024-09-18 10:54:03
1320,1705,11,2023-02-18 16:10:30,,2023-02-18 16:10:30
1321,1706,3,2025-05-18 10:24:51,,2025-05-18 10:24:51
1322,1707,2,2026-10-17 04:32:16,,2026-10-17 04:32:16
1323,1708,1,2024-12-12 11:18:15,,2024-12-12 11:18:15
1324,1709,13,2026-08-01 16:56:22,,2026-08-01 16:56:22
1325,1710,2,2025-08-22 05:59:22,,2025-08-22 05:59:22
1326,1711,13,2025-04-05 15:19:48,,2025-04-05 15:19:48
1327,1712,11,2020-11-04 15:35:40,—,2020-11-04 15:35:40
1328,1715,7,2023-03-07 21:12:28,,2023-03-07 21:12:28
1329,1716,7,2025-09-02 08:33:12,,2025-09-02 08:33:12
1330,1717,4,2026-09-26 02:42:59,,2026-09-26 02:42:59
1331,1718,1,2020-04-16 14:18:25,,2020-04-16 14:18:25
1332,1719,15,2022-05-19 00:06:18,,2022-05-19 00:06:18
1333,1721,7,2021-09-03 00:46:51,,2021-09-03 00:46:51
1334,1722,13,2024-09-07 07:02:32,,2024-09-07 07:02:32
1335,1723,11,2025-08-06 21:57:55,,2025-08-06 21:57:55
1336,1724,3,2023-11-26 01:47:28,ok,2023-11-26 01:47:28
1337,1725,3,2025-12-13 17:53:04,,2025-12-13 17:53:04
1338,1726,14,2022-02-14 03:22:20,,2022-02-14 03:22:20
1339,1729,15,2025-11-08 23:05:35,,2025-11-08 23:05:35
1340,1730,2,2024-07-11 16:49:33,,2024-07-11 16:49:33
1341,1731,4,2026-10-08 06:29:31,,2026-10-08 06:29:31
1342,1732,1,2024-12-28 22:06:28,,2024-12-28 22:06:28
1343,1733,13,2022-06-29 23:36:56,,2022-06-29 23:36:56
1344,1734,2,2020-05-23 06:11:36,,2020-05-23 06:11:36
1345,1735,3,2025-01-11 20:15:06,,2025-01-11 20:15:06
1346,1736,1,2026-02-14 12:36:53,,2026-02-14 12:36:53
1347,1737,7,2022-07-13 17:44:37,,2022-07-13 17:44:37
1348,1738,13,2021-08-30 10:52:40,,2021-08-30 10:52:40
1349,1739,2,2023-07-13 07:27:15,,2023-07-13 07:27:15
1350,1740,1,2025-11-19 01:13:01,,2025-11-19 01:13:01
1351,1741,7,2021-07-27 08:23:09,,2021-07-27 08:23:09
1352,1742,2,2024-08-29 01:30:41,tudo certo,2024-08-29 01:30:41
1353,1743,13,2025-08-23 21:48:09,,2025-08-23 21:48:09
1354,1744,4,2021-12-04 16:53:47,,2021-12-04 16:53:47
1355,1745,13,2025-11-08 17:59:19,,2025-11-08 17:59:19
1356,1746,15,2023-09-08 08:06:10,,2023-09-08 08:06:10
1357,1747,5,2024-11-03 19:36:38,,2024-11-03 19:36:38
1358,1749,4,2026-07-30 19:45:00,,2026-07-30 19:45:00
1359,1750,14,2020-10-20 03:45:28,,2020-10-20 03:45:28
1360,1751,14,2026-07-17 01:04:42,conferido,2026-07-17 01:04:42
1361,1752,14,2026-11-09 20:38:03,,2026-11-09 20:38:03
1362,1753,1,2025-08-30 04:00:10,,2025-08-30 04:00:10
1363,1754,3,2020-08-30 04:06:55,,2020-08-30 04:06:55
1364,1755,2,2024-02-29 14:03:42,,2024-02-29 14:03:42
1365,1758,3,2025-06-09 15:40:39,,2025-06-09 15:40:39
1366,1759,7,2021-04-25 08:55:00,,2021-04-25 08:55:00
1367,1760,7,2023-03-17 23:05:10,,2023-03-17 23:05:10
1368,1761,2,2024-05-13 14:50:03,,2024-05-13 14:50:03
1369,1762,15,2024-01-17 02:13:08,,2024-01-17 02:13:08
1370,1763,2,2022-08-23 13:55:28,,2022-08-23 13:55:28
1371,1764,14,2024-11-20 12:32:15,,2024-11-20 12:32:15
1372,1767,11,2026-10-30 18:02:06,,2026-10-30 18:02:06
1373,1769,7,2020-08-18 04:18:10,,2020-08-18 04:18:10
1374,1770,2,2023-07-27 05:11:29,,2023-07-27 05:11:29
1375,1772,3,2022-11-12 01:26:24,,2022-11-12 01:26:24
1376,1775,2,2024-02-08 13:53:31,,2024-02-08 13:53:31
1377,1776,14,2022-01-19 09:26:36,,2022-01-19 09:26:36
1378,1777,15,2024-03-27 03:29:40,,2024-03-27 03:29:40
1379,1778,7,2025-12-29 19:23:05,,2025-12-29 19:23:05
1380,1781,13,2020-08-21 03:15:07,,2020-08-21 03:15:07
1381,1782,4,2024-01-05 20:40:55,,2024-01-05 20:40:55
1382,1783,13,2020-05-19 21:46:27,,2020-05-19 21:46:27
1383,1784,15,2024-02-16 22:01:19,,2024-02-16 22:01:19
1384,1786,11,2024-12-18 10:47:45,,2024-12-18 10:47:45
1385,1787,5,2025-06-21 09:45:24,,2025-06-21 09:45:24
1386,1788,4,2023-03-25 22:41:19,,2023-03-25 22:41:19
1387,1789,1,2025-08-29 02:39:20,,2025-08-29 02:39:20
1388,1790,1,2026-10-02 07:38:51,,2026-10-02 07:38:51
1389,1792,2,2022-11-09 16:55:47,,2022-11-09 16:55:47
1390,1793,2,2024-10-14 07:29:28,,2024-10-14 07:29:28
1391,1796,15,2026-08-23 21:29:52,,2026-08-23 21:29:52
1392,1797,5,2026-07-17 21:17:31,,2026-07-17 21:17:31
1393,1798,13,2024-07-20 11:35:45,,2024-07-20 11:35:45
1394,1799,11,2024-08-25 18:13:50,,2024-08-25 18:13:50
1395,1800,13,2022-12-19 18:07:24,,2022-12-19 18:07:24
1396,1801,14,2023-12-07 12:28:48,,2023-12-07 12:28:48
1397,1802,2,2024-12-20 13:18:27,,2024-12-20 13:18:27
1398,1804,7,2021-06-26 09:31:10,,2021-06-26 09:31:10
1399,1805,11,2026-08-27 23:07:10,,2026-08-27 23:07:10
1400,1806,3,2020-04-03 23:47:52,,2020-04-03 23:47:52
1401,1807,13,2023-12-24 07:20:43,,2023-12-24 07:20:43
1402,1808,5,2023-05-20 12:13:22,,2023-05-20 12:13:22
1403,1809,4,2023-03-19 00:36:49,,2023-03-19 00:36:49
1404,1812,7,2024-10-06 03:13:10,,2024-10-06 03:13:10
1405,1814,11,2025-03-21 08:30:29,,2025-03-21 08:30:29
1406,1815,4,2025-09-11 12:06:13,,2025-09-11 12:06:13
1407,1816,14,2025-11-28 07:06:05,,2025-11-28 07:06:05
1408,1817,4,2023-03-03 18:23:58,,2023-03-03 18:23:58
1409,1818,4,2024-10-02 22:30:07,,2024-10-02 22:30:07
1410,1819,11,2021-01-08 17:17:26,,2021-01-08 17:17:26
1411,1820,11,2025-12-04 02:54:53,,2025-12-04 02:54:53
1412,1821,13,2020-02-24 23:15:18,,2020-02-24 23:15:18
1413,1823,15,2024-12-07 04:30:44,,2024-12-07 04:30:44
1414,1824,1,2025-10-27 17:34:31,,2025-10-27 17:34:31
1415,1825,14,2025-12-17 22:13:06,,2025-12-17 22:13:06
1416,1826,15,2022-01-08 19:20:47,,2022-01-08 19:20:47
1417,1828,15,2026-08-14 22:10:12,,2026-08-14 22:10:12
1418,1829,4,2026-04-15 11:45:38,,2026-04-15 11:45:38
1419,1830,1,2024-01-10 16:12:26,,2024-01-10 16:12:26
1420,1831,1,2025-04-09 23:43:36,,2025-04-09 23:43:36
1421,1832,13,2026-08-18 06:38:22,,2026-08-18 06:38:22
1422,1834,5,2026-11-19 18:33:15,,2026-11-19 18:33:15
1423,1835,3,2025-03-26 06:23:30,,2025-03-26 06:23:30
1424,1836,5,2020-09-02 19:16:50,,2020-09-02 19:16:50
1425,1837,1,2022-08-01 23:52:14,,2022-08-01 23:52:14
1426,1839,5,2025-06-07 15:55:46,,2025-06-07 15:55:46
1427,1841,7,2025-11-09 22:09:27,,2025-11-09 22:09:27
1428,1842,4,2022-01-09 10:31:18,,2022-01-09 10:31:18
1429,1843,4,2024-01-23 19:22:34,ok!,2024-01-23 19:22:34
1430,1845,15,2025-08-28 16:15:24,,2025-08-28 16:15:24
1431,1846,13,2022-04-14 05:15:03,,2022-04-14 05:15:03
1432,1848,1,2022-06-17 12:30:30,,2022-06-17 12:30:30
1433,1849,3,2024-08-27 00:07:34,,2024-08-27 00:07:34
1434,1850,14,2026-07-02 07:33:22,,2026-07-02 07:33:22
1435,1851,1,2023-11-12 23:50:54,,2023-11-12 23:50:54
1436,1852,1,2024-10-23 20:31:59,,2024-10-23 20:31:59
1437,1854,4,2026-12-26 01:28:48,,2026-12-26 01:28:48
1438,1855,3,2025-11-15 01:19:16,,2025-11-15 01:19:16
1439,1856,4,2026-06-05 11:02:45,,2026-06-05 11:02:45
1440,1857,3,2022-04-30 01:41:26,,2022-04-30 01:41:26
1441,1858,2,2026-11-05 15:51:21,,2026-11-05 15:51:21
1442,1859,1,2023-09-15 07:34:18,,2023-09-15 07:34:18
1443,1862,3,2024-08-06 23:48:41,,2024-08-06 23:48:41
1444,1863,4,2025-10-22 20:54:22,,2025-10-22 20:54:22
1445,1864,14,2025-08-08 00:35:20,ok,2025-08-08 00:35:20
1446,1865,14,2023-11-02 07:58:46,,2023-11-02 07:58:46
1447,1866,3,2022-11-06 10:06:12,,2022-11-06 10:06:12
1448,1867,1,2025-03-01 07:49:36,,2025-03-01 07:49:36
1449,1868,7,2025-07-21 02:06:21,,2025-07-21 02:06:21
1450,1869,4,2021-01-19 14:01:30,,2021-01-19 14:01:30
1451,1870,15,2021-11-27 17:21:08,,2021-11-27 17:21:08
1452,1872,2,2025-01-26 10:23:37,,2025-01-26 10:23:37
1453,1873,5,2023-11-03 00:01:47,,2023-11-03 00:01:47
1454,1876,2,2022-09-28 19:40:28,checar,2022-09-28 19:40:28
1455,1877,3,2026-10-14 11:17:26,,2026-10-14 11:17:26
1456,1878,4,2023-12-17 09:07:44,,2023-12-17 09:07:44
1457,1879,2,2021-06-19 02:45:09,,2021-06-19 02:45:09
1458,1880,7,2023-12-27 20:27:18,,2023-12-27 20:27:18
1459,1881,13,2021-09-22 20:49:41,,2021-09-22 20:49:41
1460,1882,4,2026-09-23 08:26:33,,2026-09-23 08:26:33
1461,1886,5,2021-06-25 20:21:00,,2021-06-25 20:21:00
1462,1887,13,2024-09-23 02:18:00,,2024-09-23 02:18:00
1463,1889,7,2025-10-26 07:01:50,,2025-10-26 07:01:50
1464,1890,15,2021-09-14 20:18:15,,2021-09-14 20:18:15
1465,1891,15,2024-10-17 17:08:45,,2024-10-17 17:08:45
1466,1892,4,2026-01-13 11:16:54,,2026-01-13 11:16:54
1467,1894,3,2025-09-25 18:29:22,,2025-09-25 18:29:22
1468,1898,2,2021-11-29 02:15:48,tudo certo,2021-11-29 02:15:48
1469,1899,4,2025-07-28 20:38:25,,2025-07-28 20:38:25
1470,1900,2,2023-02-20 00:43:19,,2023-02-20 00:43:19
1471,1903,1,2025-10-26 07:15:18,,2025-10-26 07:15:18
1472,1904,14,2026-10-08 15:37:10,,2026-10-08 15:37:10
1473,1905,15,2026-08-24 11:17:11,,2026-08-24 11:17:11
1474,1906,13,2024-02-02 04:56:37,,2024-02-02 04:56:37
1475,1907,11,2023-09-19 07:28:08,,2023-09-19 07:28:08
1476,1908,13,2020-10-26 13:11:29,,2020-10-26 13:11:29
1477,1909,4,2024-10-28 15:21:28,,2024-10-28 15:21:28
1478,1911,14,2026-04-27 20:31:51,,2026-04-27 20:31:51
1479,1912,15,2025-03-21 12:26:35,,2025-03-21 12:26:35
1480,1913,11,2026-08-27 11:22:56,,2026-08-27 11:22:56
1481,1914,7,2024-05-12 05:27:44,,2024-05-12 05:27:44
1482,1916,7,2022-12-19 03:03:26,,2022-12-19 03:03:26
1483,1917,2,2021-01-14 19:35:58,,2021-01-14 19:35:58
1484,1918,15,2020-06-04 05:29:26,,2020-06-04 05:29:26
1485,1920,13,2026-09-22 04:49:58,,2026-09-22 04:49:58
1486,1921,3,2025-03-10 19:20:19,,2025-03-10 19:20:19
1487,1922,11,2024-09-23 14:59:29,conferido,2024-09-23 14:59:29
1488,1923,15,2024-12-16 12:46:19,,2024-12-16 12:46:19
1489,1924,2,2024-11-05 14:15:20,,2024-11-05 14:15:20
1490,1925,11,2020-05-31 18:36:19,,2020-05-31 18:36:19
1491,1926,13,2023-08-06 14:28:04,,2023-08-06 14:28:04
1492,1927,4,2024-09-24 11:05:19,,2024-09-24 11:05:19
1493,1928,3,2025-12-22 10:51:54,,2025-12-22 10:51:54
1494,1929,1,2020-03-02 13:05:58,,2020-03-02 13:05:58
1495,1931,2,2021-11-28 03:00:11,,2021-11-28 03:00:11
1496,1932,3,2025-07-04 12:19:32,,2025-07-04 12:19:32
1497,1933,7,2026-08-17 05:23:13,,2026-08-17 05:23:13
1498,1937,5,2026-11-02 03:11:17,,2026-11-02 03:11:17
1499,1938,15,2026-11-13 02:18:36,,2026-11-13 02:18:36
1500,1940,7,2020-09-06 23:25:19,,2020-09-06 23:25:19
1501,1941,7,2023-09-23 03:42:07,,2023-09-23 03:42:07
1502,1942,2,2022-05-31 14:22:36,,2022-05-31 14:22:36
1503,1945,11,2022-04-21 04:51:26,,2022-04-21 04:51:26
1504,1946,4,2022-06-12 15:47:05,,2022-06-12 15:47:05
1505,1950,13,2023-04-27 20:59:42,,2023-04-27 20:59:42
1506,1952,13,2024-09-18 23:34:04,,2024-09-18 23:34:04
1507,1953,4,2024-02-07 22:57:25,,2024-02-07 22:57:25
1508,1954,1,2024-07-31 10:17:38,,2024-07-31 10:17:38
1509,1955,11,2025-01-11 17:49:04,,2025-01-11 17:49:04
1510,1956,13,2024-03-14 05:52:44,,2024-03-14 05:52:44
1511,1957,13,2026-03-03 15:55:05,,2026-03-03 15:55:05
1512,1958,14,2026-10-13 13:22:56,,2026-10-13 13:22:56
1513,1959,7,2022-06-03 12:01:31,,2022-06-03 12:01:31
1514,1962,2,2022-11-29 00:36:34,,2022-11-29 00:36:34
1515,1963,11,2023-09-23 15:43:57,,2023-09-23 15:43:57
1516,1964,4,2026-01-18 21:24:25,,2026-01-18 21:24:25
1517,1965,4,2022-03-23 06:30:58,,2022-03-23 06:30:58
1518,1966,1,2026-08-13 15:24:52,,2026-08-13 15:24:52
1519,1969,7,2026-08-01 02:57:20,,2026-08-01 02:57:20
1520,1970,3,2020-07-14 03:29:28,,2020-07-14 03:29:28
1521,1971,7,2025-11-02 12:42:34,,2025-11-02 12:42:34
1522,1973,14,2024-09-12 12:44:32,,2024-09-12 12:44:32
1523,1974,14,2026-09-08 06:30:45,,2026-09-08 06:30:45
1524,1975,14,2025-10-15 15:33:47,,2025-10-15 15:33:47
1525,1976,5,2022-01-20 11:57:28,,2022-01-20 11:57:28
1526,1977,3,2022-12-09 13:58:59,—,2022-12-09 13:58:59
1527,1979,4,2021-10-01 06:33:58,,2021-10-01 06:33:58
1528,1980,3,2023-03-13 07:20:08,,2023-03-13 07:20:08
1529,1981,11,2024-12-27 18:22:16,ok,2024-12-27 18:22:16
1530,1982,13,2026-02-13 13:14:22,,2026-02-13 13:14:22
1531,1983,14,2025-11-16 00:40:08,,2025-11-16 00:40:08
1532,1984,1,2024-04-29 22:54:44,,2024-04-29 22:54:44
1533,1985,1,2025-07-25 06:52:30,,2025-07-25 06:52:30
1534,1986,5,2025-05-21 05:31:10,,2025-05-21 05:31:10
1535,1987,1,2023-08-13 16:40:56,,2023-08-13 16:40:56
1536,1988,7,2025-01-16 21:33:50,,2025-01-16 21:33:50
1537,1989,2,2024-10-17 12:21:17,,2024-10-17 12:21:17
1538,1990,7,2022-05-07 21:58:01,,2022-05-07 21:58:01
1539,1991,14,2025-09-02 21:15:07,,2025-09-02 21:15:07
1540,1992,5,2024-10-13 19:02:36,,2024-10-13 19:02:36
1541,1993,4,2026-09-29 01:22:36,,2026-09-29 01:22:36
1542,1994,5,2021-03-23 14:35:30,,2021-03-23 14:35:30
1543,1995,1,2026-07-30 17:15:45,,2026-07-30 17:15:45
1544,1996,3,2022-07-07 10:46:06,,2022-07-07 10:46:06
1545,1997,5,2026-02-14 02:22:06,,2026-02-14 02:22:06
1546,1998,1,2020-06-20 10:43:57,,2020-06-20 10:43:57
1547,1999,3,2023-09-04 11:31:55,,2023-09-04 11:31:55
1548,2000,2,2025-05-21 04:57:53,,2025-05-21 04:57:53
