id,goods_receipt_id,purchase_order_item_id,quantity_received
1,1,1,5.000
2,1,2,4.620
3,1,3,3.300
4,2,8,19
5,2,9,41
6,2,10,35
7,2,11,32
8,3,12,9
9,3,13,6
10,3,14,26
11,3,15,39
12,4,16,7
13,5,17,4
14,6,18,8.000
15,6,19,9.240
16,6,20,1.200
17,6,21,6.300
18,7,22,44
19,7,23,2
20,7,24,28
21,7,25,9
22,8,26,7
23,8,27,19
24,8,28,30
25,9,32,47
26,10,38,16
27,10,39,43
28,10,40,18
29,11,41,32
30,11,42,16
31,12,43,10.800
32,12,44,4.810
33,12,45,19.360
34,13,46,39
35,13,47,44
36,14,48,22
37,14,49,30
38,14,50,18
39,15,51,16
40,16,52,34
41,16,53,8
42,16,54,8
43,16,55,27
44,17,56,26
45,17,57,36
46,18,58,45
47,18,59,9
48,18,60,17
49,18,61,29
50,18,62,1
51,19,63,10.080
52,19,64,31.050
53,19,65,1.470
54,19,66,1.800
55,19,67,1.380
56,20,68,0.440
57,20,69,14.400
58,20,70,15.000
59,20,71,9.620
60,20,72,17.480
61,21,75,19
62,21,76,20
63,22,77,31
64,22,78,29
65,22,79,3
66,22,80,49
67,22,81,37
68,23,82,9.400
69,24,83,8.550
70,25,84,13
71,25,85,23
72,25,86,46
73,25,87,16
74,26,88,1
75,26,89,11
76,26,90,49
77,26,91,12
78,26,92,42
79,27,94,15
80,27,95,50
81,27,96,49
82,27,97,35
83,27,98,41
84,28,99,25
85,29,104,11
86,29,105,12
87,29,106,23
88,29,107,45
89,29,108,30
90,30,109,4
91,30,110,19
92,30,111,20
93,30,112,6
94,31,113,44
95,31,114,30
96,31,115,50
97,31,116,40
98,32,117,4.940
99,32,118,3.200
100,32,119,22.140
101,32,120,5.320
102,32,121,6.440
103,33,122,12
104,34,123,18.060
105,34,124,7.540
106,34,125,29.520
107,34,126,20.500
108,34,127,1.560
109,35,128,6.600
110,35,129,9.000
111,35,130,11.000
112,35,131,3.300
113,36,133,10.320
114,36,134,33.930
115,37,143,12
116,37,144,8
117,37,145,29
118,37,146,28
119,37,147,42
120,38,152,12
121,38,153,29
122,38,154,4
123,38,155,48
124,39,156,3.450
125,39,157,12.240
126,39,158,20.680
127,39,159,8.280
128,40,160,46
129,41,161,40
130,41,162,10
131,41,163,27
132,41,164,7
133,41,165,11
134,42,166,5.390
135,42,167,35.250
136,42,168,36.000
137,43,169,17
138,43,170,7
139,43,171,5
140,43,172,11
141,43,173,50
142,44,174,25
143,44,175,2
144,45,176,45
145,45,177,22
146,45,178,26
147,46,181,38
148,46,182,35
149,47,183,41
150,48,184,15
151,49,186,8
152,49,187,48
153,49,188,39
154,49,189,34
155,49,190,41
156,50,191,13
157,50,192,9
158,51,194,29
159,52,195,23
160,52,196,9
161,53,197,12
162,53,198,16
163,53,199,23
164,53,200,44
165,53,201,28
166,54,207,31.000
167,54,208,9.350
168,55,209,23
169,55,210,37
170,56,211,2
171,56,212,44
172,56,213,30
173,57,214,38
174,57,215,47
175,57,216,41
176,57,217,5
177,57,218,27
178,58,223,18
179,58,224,42
180,58,225,43
181,58,226,38
182,59,230,19
183,60,231,39
184,60,232,28
185,61,233,46
186,62,234,40
187,62,235,13
188,62,236,20
189,63,237,1.460
190,63,238,4.560
191,64,239,23
192,64,240,3
193,64,241,28
194,64,242,27
195,65,243,18
196,65,244,28
197,65,245,36
198,66,246,36
199,66,247,25
200,67,248,15
201,68,251,16.320
202,68,252,14.700
203,68,253,21.600
204,68,254,3.710
205,68,255,10.320
206,69,256,6
207,70,257,22
208,70,258,7
209,71,259,6.300
210,71,260,33.320
211,71,261,11.220
212,71,262,4.620
213,72,268,37
214,72,269,29
215,72,270,14
216,72,271,39
217,72,272,37
218,73,273,10
219,73,274,31
220,73,275,16
221,73,276,44
222,74,277,7
223,74,278,48
224,74,279,5
225,74,280,2
226,74,281,43
227,75,282,36
228,75,283,32
229,76,284,27
230,76,285,21
231,76,286,11
232,76,287,13
233,76,288,46
234,77,289,35.260
235,78,290,34
236,78,291,20
237,79,299,8.400
238,79,300,7.950
239,79,301,5.110
240,79,302,11.160
241,79,303,32.000
242,80,304,17.640
243,80,305,5.940
244,81,306,14
245,81,307,18
246,81,308,45
247,81,309,21
248,82,310,19
249,82,311,22
250,82,312,43
251,82,313,3
252,82,314,48
253,83,315,13.650
254,83,316,2.920
255,83,317,14.960
256,84,318,26
257,84,319,34
258,84,320,7
259,84,321,37
260,85,322,38
261,86,323,2
262,86,324,5
263,86,325,1
264,86,326,8
265,86,327,19
266,87,328,47
267,87,329,44
268,87,330,27
269,87,331,11
270,87,332,44
271,88,333,22.540
272,88,334,22.320
273,89,335,24
274,89,336,24
275,89,337,30
276,89,338,20
277,90,344,14
278,90,345,49
279,90,346,10
280,91,347,15
281,91,348,49
282,92,353,7
283,92,354,43
284,92,355,2
285,93,360,20
286,93,361,8
287,94,363,11
288,94,364,1
289,94,365,44
290,94,366,4
291,94,367,25
292,95,368,41
293,95,369,7
294,95,370,43
295,96,371,11
296,96,372,41
297,96,373,15
298,96,374,5
299,97,375,9
300,97,376,32
301,98,379,11.900
302,98,380,3.640
303,98,381,3.540
304,98,382,15.600
305,99,383,48
306,99,384,47
307,99,385,47
308,99,386,39
309,99,387,47
310,100,401,32
311,100,402,24
312,100,403,20
313,100,404,33
314,101,406,3
315,101,407,21
316,101,408,44
317,101,409,2
318,102,415,10
319,102,416,31
320,102,417,42
321,102,418,21
322,102,419,25
323,103,420,4
324,103,421,8
325,103,422,18
326,103,423,12
327,104,424,29
328,104,425,41
329,105,426,25
330,105,427,23
331,105,428,6
332,105,429,38
333,105,430,13
334,106,431,14
335,106,432,5
336,106,433,1
337,107,434,9
338,108,435,28
339,108,436,4
340,108,437,49
341,108,438,50
342,109,439,39
343,109,440,35
344,110,441,48
345,110,442,29
346,110,443,17
347,110,444,38
348,110,445,11
349,111,446,12.100
350,111,447,29.370
351,112,448,32
352,112,449,50
353,112,450,42
354,112,451,8
355,113,452,32
356,113,453,19
357,114,454,38
358,114,455,46
359,115,456,32
360,116,457,32
361,116,458,13
362,117,459,3
363,117,460,16
364,117,461,1
365,117,462,24
366,117,463,29
367,118,464,6
368,118,465,2
369,118,466,32
370,119,467,23
371,120,471,19.760
372,120,472,4.370
373,121,476,24
374,121,477,39
375,121,478,32
376,121,479,50
377,122,480,47
378,122,481,13
379,123,482,37
380,124,483,23
381,124,484,25
382,125,485,27
383,125,486,6
384,126,487,7.370
385,126,488,26.980
386,126,489,1.600
387,126,490,27.720
388,127,491,3
389,127,492,38
390,128,496,13
391,128,497,19
392,128,498,40
393,128,499,41
394,129,504,18
395,129,505,35
396,130,506,25
397,130,507,44
398,130,508,24
399,130,509,22
400,131,510,12
401,131,511,45
402,131,512,29
403,131,513,22
404,131,514,32
405,132,515,47
406,132,516,38
407,133,520,41
408,133,521,21
409,134,522,25.200
410,134,523,2.610
411,134,524,5.460
412,134,525,8.610
413,134,526,15.600
414,135,531,10
415,136,532,37
416,137,533,16
417,138,534,31
418,139,535,24.500
419,139,536,24.030
420,140,537,16
421,140,538,22
422,140,539,2
423,140,540,23
424,141,542,11
425,141,543,3
426,142,545,11.250
427,142,546,32.680
428,142,547,0.520
429,143,548,16
430,143,549,29
431,143,550,17
432,143,551,42
433,143,552,27
434,144,553,22
435,144,554,23
436,144,555,14
437,145,556,16
438,145,557,16
439,146,558,36
440,146,559,42
441,146,560,50
442,146,561,33
443,146,562,44
444,147,563,11.750
445,147,564,30.800
446,147,565,2.080
447,147,566,3.100
448,148,567,6.300
449,148,568,19.270
450,148,569,2.280
451,149,570,15
452,149,571,7
453,149,572,22
454,149,573,48
455,149,574,24
456,150,575,25
457,150,576,40
458,150,577,4
459,150,578,11
460,150,579,43
461,151,585,10.010
462,151,586,4.800
463,152,587,47
464,152,588,30
465,152,589,45
466,153,590,19.980
467,153,591,4.180
468,153,592,0.620
469,153,593,0.890
470,154,595,32.680
471,154,596,11.160
472,155,597,2
473,155,598,18
474,155,599,20
475,156,600,10
476,156,601,41
477,156,602,43
478,157,606,0.480
479,157,607,14.520
480,157,608,4.900
481,158,609,12
482,158,610,43
483,158,611,7
484,158,612,15
485,158,613,31
486,159,614,2.370
487,159,615,7.560
488,159,616,11.730
489,159,617,5.800
490,159,618,0.220
491,160,619,23
492,160,620,31
493,161,621,4
494,161,622,37
495,161,623,48
496,161,624,47
497,162,625,0.420
498,162,626,1.980
499,162,627,18.400
500,163,634,16
501,163,635,28
502,164,636,50
503,164,637,45
504,165,643,3
505,165,644,27
506,165,645,27
507,166,651,36
508,166,652,7
509,166,653,16
510,166,654,44
511,166,655,19
512,167,656,22.230
513,167,657,15.840
514,167,658,1.420
515,168,659,31
516,168,660,6
517,168,661,48
518,168,662,26
519,168,663,12
520,169,664,23
521,169,665,19
522,169,666,46
523,169,667,20
524,169,668,47
525,170,673,5.200
526,170,674,7.980
527,170,675,6.080
528,170,676,26.600
529,170,677,4.560
530,171,678,23.400
531,171,679,9.860
532,172,680,26.680
533,172,681,8.400
534,172,682,11.400
535,172,683,19.500
536,172,684,11.500
537,173,685,3
538,173,686,49
539,173,687,28
540,174,688,5.100
541,174,689,22.770
542,174,690,21.000
543,174,691,7.200
544,174,692,37.800
545,175,693,39
546,175,694,43
547,175,695,30
548,175,696,49
549,175,697,6
550,176,698,29
551,176,699,33
552,176,700,31
553,176,701,45
554,177,702,48
555,177,703,34
556,178,706,8.880
557,178,707,17.850
558,178,708,4.600
559,179,710,14.060
560,179,711,4.860
561,179,712,16.020
562,179,713,19.090
563,180,714,47
564,180,715,37
565,180,716,19
566,181,719,7
567,181,720,28
568,182,721,22
569,183,722,36
570,184,723,44
571,184,724,38
572,184,725,25
573,185,734,17
574,185,735,45
575,185,736,46
576,185,737,27
577,186,738,2
578,186,739,25
579,187,740,1.250
580,187,741,2.420
581,188,742,33
582,189,743,49
583,189,744,16
584,189,745,46
585,189,746,47
586,190,747,38
587,190,748,31
588,190,749,48
589,190,750,5
590,190,751,41
591,191,752,8.600
592,191,753,17.150
593,192,756,0.570
594,192,757,2.400
595,192,758,4.160
596,192,759,15.510
597,192,760,22.680
598,193,761,42
599,193,762,48
600,193,763,21
601,193,764,45
602,193,765,25
603,194,766,24
604,194,767,8
605,194,768,29
606,194,769,33
607,195,774,2
608,195,775,4
609,195,776,13
610,196,777,0.850
611,197,778,42
612,197,779,17
613,197,780,1
614,198,781,27.280
615,199,782,11
616,199,783,21
617,199,784,25
618,199,785,3
619,200,786,38
620,200,787,38
621,201,788,38
622,201,789,45
623,201,790,24
624,202,796,31
625,202,797,17
626,202,798,50
627,202,799,13
628,203,800,28
629,204,801,22
630,204,802,50
631,205,807,29
632,205,808,33
633,205,809,38
634,206,810,28
635,206,811,22
636,206,812,24
637,206,813,15
638,206,814,21
639,207,815,35
640,207,816,32
641,208,817,36
642,208,818,28
643,208,819,30
644,208,820,39
645,208,821,47
646,209,822,21
647,209,823,41
648,209,824,2
649,210,825,27
650,210,826,25
651,210,827,36
652,211,828,40
653,211,829,11
654,211,830,38
655,211,831,45
656,211,832,30
657,212,833,46
658,212,834,13
659,213,835,44
660,214,836,5.390
661,215,841,39
662,215,842,33
663,215,843,28
664,216,844,24.000
665,216,845,2.700
666,217,846,39
667,217,847,19
668,217,848,10
669,217,849,31
670,218,850,34
671,219,851,2
672,219,852,50
673,219,853,18
674,219,854,43
675,219,855,34
676,220,856,17
677,220,857,38
678,220,858,13
679,221,859,19
680,222,860,7
681,222,861,37
682,222,862,1
683,223,864,5
684,223,865,32
685,223,866,48
686,224,874,12
687,224,875,3
688,224,876,8
689,224,877,31
690,225,878,8
691,225,879,20
692,225,880,30
693,226,881,8.820
694,226,882,0.200
695,227,883,21
696,227,884,34
697,227,885,32
698,228,886,37
699,228,887,15
700,228,888,26
701,228,889,17
702,229,890,11
703,229,891,45
704,229,892,34
705,229,893,41
706,229,894,47
707,230,895,40
708,231,896,16.500
709,231,897,23.400
710,231,898,5.460
711,231,899,16.560
712,232,900,13
713,232,901,32
714,232,902,2
715,232,903,24
716,233,908,1.690
717,234,909,31
718,234,910,12
719,234,911,8
720,234,912,7
721,234,913,45
722,235,914,44
723,235,915,10
724,235,916,10
725,235,917,10
726,235,918,7
727,236,919,37
728,236,920,29
729,236,921,37
730,236,922,9
731,236,923,22
732,237,924,12
733,237,925,45
734,237,926,41
735,237,927,1
736,237,928,22
737,238,929,43
738,239,932,32
739,239,933,22
740,239,934,37
741,240,935,24
742,241,945,22.040
743,241,946,1.980
744,241,947,4.930
745,241,948,28.350
746,241,949,8.690
747,242,950,43
748,242,951,28
749,242,952,10
750,242,953,9
751,242,954,22
752,243,955,27
753,243,956,44
754,243,957,26
755,243,958,38
756,244,959,1.920
757,245,960,22
758,245,961,18
759,245,962,23
760,245,963,27
761,246,968,1.350
762,246,969,15.040
763,246,970,0.700
764,246,971,14.630
765,247,972,9
766,247,973,2
767,247,974,45
768,247,975,9
769,248,976,17.480
770,248,977,28.420
771,248,978,8.140
772,248,979,14.850
773,249,980,22.200
774,249,981,1.680
775,249,982,2.850
776,249,983,10.500
777,249,984,32.800
778,250,985,11
779,250,986,36
780,250,987,46
781,250,988,41
782,251,989,30.600
783,251,990,14.700
784,252,995,12
785,252,996,3
786,252,997,20
787,253,1003,5
788,253,1004,22
789,253,1005,1
790,253,1006,46
791,253,1007,8
792,254,1009,27
793,254,1010,31
794,254,1011,5
795,254,1012,19
796,255,1013,24
797,255,1014,38
798,255,1015,35
799,255,1016,45
800,256,1017,48
801,256,1018,8
802,257,1019,31
803,258,1020,12
804,258,1021,13
805,258,1022,3
806,258,1023,39
807,259,1024,33
808,259,1025,40
809,259,1026,45
810,259,1027,1
811,259,1028,6
812,260,1029,23
813,260,1030,28
814,260,1031,26
815,261,1032,11.050
816,261,1033,17.760
817,261,1034,3.380
818,261,1035,19.440
819,261,1036,15.340
820,262,1039,25
821,262,1040,31
822,263,1041,30.240
823,264,1042,48
824,264,1043,26
825,264,1044,45
826,264,1045,26
827,264,1046,33
828,265,1049,49
829,265,1050,47
830,265,1051,5
831,266,1052,9.250
832,266,1053,5.040
833,267,1054,23
834,267,1055,50
835,268,1056,28
836,268,1057,5
837,269,1058,24.000
838,269,1059,6.110
839,270,1060,36
840,270,1061,14
841,270,1062,38
842,270,1063,49
843,271,1064,21
844,271,1065,50
845,271,1066,32
846,271,1067,25
847,271,1068,22
848,272,1069,29
849,272,1070,40
850,273,1071,29.040
851,273,1072,13.500
852,273,1073,19.890
853,273,1074,9.680
854,274,1075,40
855,274,1076,29
856,274,1077,34
857,274,1078,17
858,274,1079,17
859,275,1080,18
860,275,1081,13
861,275,1082,25
862,275,1083,15
863,276,1084,16
864,277,1088,16
865,277,1089,13
866,277,1090,18
867,278,1091,5.940
868,278,1092,16.800
869,279,1093,2
870,279,1094,3
871,279,1095,22
872,280,1097,6.720
873,280,1098,32.830
874,280,1099,11.100
875,280,1100,1.800
876,281,1101,31.280
877,281,1102,10.890
878,281,1103,5.040
879,281,1104,20.520
880,281,1105,39.150
881,282,1106,5
882,282,1107,13
883,282,1108,8
884,283,1109,10
885,284,1110,22
886,284,1111,9
887,284,1112,48
888,285,1116,1.500
889,285,1117,19.440
890,285,1118,23.790
891,286,1119,39
892,287,1123,28.710
893,287,1124,9.120
894,288,1125,11.960
895,288,1126,2.470
896,289,1133,4
897,290,1134,19.250
898,290,1135,17.000
899,291,1136,44
900,292,1137,4.000
901,292,1138,25.410
902,292,1139,6.700
903,292,1140,5.060
904,293,1141,5.180
905,293,1142,3.000
906,293,1143,18.400
907,293,1144,24.960
908,293,1145,18.130
909,294,1146,23
910,294,1147,28
911,294,1148,17
912,295,1149,16
913,295,1150,47
914,296,1151,2
915,296,1152,1
916,296,1153,7
917,296,1154,32
918,297,1155,14
919,297,1156,40
920,297,1157,40
921,297,1158,25
922,297,1159,38
923,298,1160,27
924,298,1161,10
925,298,1162,5
926,299,1166,40
927,299,1167,33
928,300,1168,6
929,300,1169,28
930,301,1170,4.950
931,301,1171,17.400
932,301,1172,5.700
933,302,1173,26
934,302,1174,30
935,302,1175,21
936,302,1176,7
937,303,1177,38
938,303,1178,5
939,304,1188,8
940,304,1189,10
941,304,1190,22
942,305,1196,11
943,305,1197,5
944,306,1199,19
945,306,1200,38
946,306,1201,9
947,306,1202,13
948,307,1203,39
949,308,1204,2
950,308,1205,15
951,308,1206,20
952,308,1207,35
953,309,1208,41
954,309,1209,39
955,309,1210,37
956,309,1211,18
957,310,1212,16.800
958,310,1213,0.550
959,310,1214,3.190
960,310,1215,2.250
961,311,1216,48
962,311,1217,34
963,311,1218,30
964,312,1219,17
965,312,1220,15
966,312,1221,6
967,312,1222,28
968,313,1226,34
969,314,1227,49
970,314,1228,10
971,314,1229,30
972,314,1230,45
973,314,1231,30
974,315,1232,1
975,316,1233,15
976,317,1234,1.820
977,318,1235,25
978,318,1236,32
979,318,1237,27
980,318,1238,38
981,318,1239,16
982,319,1246,27
983,319,1247,25
984,319,1248,7
985,319,1249,43
986,320,1250,48
987,320,1251,42
988,320,1252,36
989,321,1253,25
990,321,1254,12
991,321,1255,27
992,321,1256,16
993,322,1257,28
994,322,1258,4
995,322,1259,37
996,322,1260,46
997,322,1261,29
998,323,1262,33
999,324,1263,38
1000,324,1264,7
1001,324,1265,27
1002,325,1269,31
1003,326,1270,30.100
1004,326,1271,11.590
1005,326,1272,9.450
1006,327,1274,46
1007,327,1275,24
1008,327,1276,2
1009,327,1277,38
1010,327,1278,21
1011,328,1279,48
1012,328,1280,33
1013,328,1281,9
1014,328,1282,29
1015,329,1283,23
1016,330,1287,11
1017,330,1288,3
1018,330,1289,45
1019,330,1290,11
1020,331,1294,12.760
1021,331,1295,16.000
1022,331,1296,31.150
1023,331,1297,20.720
1024,331,1298,19.430
1025,332,1299,38
1026,332,1300,7
1027,333,1306,47
1028,333,1307,9
1029,333,1308,3
1030,333,1309,27
1031,333,1310,36
1032,334,1311,46
1033,334,1312,42
1034,334,1313,26
1035,334,1314,26
1036,334,1315,38
1037,335,1316,21
1038,335,1317,43
1039,335,1318,41
1040,335,1319,50
1041,335,1320,4
1042,336,1321,14
1043,336,1322,6
1044,336,1323,49
1045,337,1324,20
1046,337,1325,37
1047,338,1326,9.360
1048,338,1327,21.760
1049,339,1328,30
1050,339,1329,37
1051,339,1330,50
1052,339,1331,12
1053,339,1332,29
1054,340,1333,47
1055,340,1334,42
1056,341,1335,48
1057,342,1336,10
1058,342,1337,49
1059,342,1338,36
1060,342,1339,47
1061,342,1340,34
1062,343,1341,20.130
1063,343,1342,22.080
1064,343,1343,24.480
1065,344,1344,4.860
1066,345,1345,35
1067,345,1346,50
1068,345,1347,34
1069,346,1348,28
1070,346,1349,45
1071,346,1350,20
1072,346,1351,7
1073,346,1352,36
1074,347,1353,14
1075,347,1354,22
1076,348,1355,14
1077,348,1356,22
1078,348,1357,45
1079,348,1358,7
1080,349,1363,4
1081,349,1364,46
1082,349,1365,44
1083,349,1366,2
1084,350,1367,2
1085,351,1368,38
1086,351,1369,40
1087,351,1370,45
1088,351,1371,9
1089,352,1372,14
1090,353,1378,32
1091,353,1379,46
1092,353,1380,8
1093,353,1381,24
1094,354,1382,14.850
1095,354,1383,26.000
1096,355,1388,40
1097,355,1389,25
1098,355,1390,25
1099,355,1391,41
1100,356,1392,1
1101,356,1393,11
1102,357,1397,27.450
1103,357,1398,0.220
1104,358,1399,14
1105,358,1400,37
1106,358,1401,33
1107,358,1402,48
1108,359,1403,17
1109,359,1404,29
1110,359,1405,48
1111,359,1406,20
1112,359,1407,42
1113,360,1408,3
1114,360,1409,4
1115,360,1410,30
1116,360,1411,29
1117,361,1412,42
1118,361,1413,1
1119,361,1414,6
1120,362,1415,11.000
1121,362,1416,11.020
1122,362,1417,11.570
1123,362,1418,18.360
1124,363,1419,5.670
1125,363,1420,1.240
1126,363,1421,13.750
1127,364,1422,11
1128,364,1423,16
1129,365,1424,10.030
1130,365,1425,7.800
1131,365,1426,10.080
1132,366,1432,1.710
1133,366,1433,0.530
1134,366,1434,5.220
1135,367,1435,17
1136,367,1436,5
1137,367,1437,33
1138,368,1438,14
1139,368,1439,11
1140,369,1440,6.880
1141,369,1441,37.720
1142,369,1442,40.800
1143,369,1443,27.060
1144,369,1444,9.520
1145,370,1445,27
1146,370,1446,21
1147,370,1447,29
1148,371,1448,12
1149,371,1449,37
1150,371,1450,21
1151,371,1451,20
1152,371,1452,2
1153,372,1464,28
1154,372,1465,10
1155,372,1466,5
1156,373,1467,21.600
1157,373,1468,10.920
1158,373,1469,3.800
1159,374,1470,6.840
1160,374,1471,6.110
1161,374,1472,5.040
1162,374,1473,1.120
1163,374,1474,10.730
1164,375,1475,12
1165,375,1476,1
1166,375,1477,6
1167,375,1478,46
1168,375,1479,11
1169,376,1480,35
1170,376,1481,16
1171,377,1484,6.460
1172,377,1485,11.390
1173,378,1486,49
1174,378,1487,5
1175,379,1488,14.100
1176,379,1489,0.370
1177,380,1494,45
1178,380,1495,38
1179,380,1496,12
1180,380,1497,43
1181,380,1498,45
1182,381,1499,29
1183,382,1500,36
1184,382,1501,49
1185,383,1502,49
1186,383,1503,16
1187,383,1504,28
1188,383,1505,5
1189,384,1506,48
1190,384,1507,47
1191,384,1508,33
1192,384,1509,46
1193,385,1510,18.630
1194,385,1511,26.970
1195,385,1512,5.500
1196,385,1513,9.240
1197,386,1514,15.770
1198,386,1515,10.000
1199,386,1516,26.180
1200,386,1517,3.900
1201,386,1518,18.600
1202,387,1519,24
1203,387,1520,12
1204,387,1521,41
1205,387,1522,1
1206,387,1523,47
1207,388,1524,25
1208,388,1525,45
1209,388,1526,18
1210,388,1527,7
1211,389,1528,5
1212,389,1529,42
1213,389,1530,31
1214,389,1531,45
1215,390,1537,4
1216,390,1538,23
1217,391,1539,22
1218,391,1540,41
1219,391,1541,32
1220,391,1542,28
1221,392,1543,46
1222,393,1545,20
1223,393,1546,19
1224,394,1547,29
1225,394,1548,46
1226,394,1549,11
1227,395,1553,41
1228,396,1554,49
1229,396,1555,44
1230,397,1556,5.200
1231,397,1557,12.480
1232,398,1558,21.390
1233,398,1559,18.000
1234,398,1560,15.200
1235,398,1561,18.300
1236,399,1562,14
1237,399,1563,28
1238,399,1564,16
1239,399,1565,2
1240,399,1566,30
1241,400,1567,0.520
1242,400,1568,7.990
1243,400,1569,24.480
1244,400,1570,12.420
1245,400,1571,11.500
1246,401,1572,39
1247,401,1573,39
1248,401,1574,7
1249,401,1575,4
1250,401,1576,27
1251,402,1582,46
1252,402,1583,5
1253,403,1584,47
1254,403,1585,33
1255,403,1586,14
1256,403,1587,39
1257,404,1593,25.810
1258,404,1594,3.190
1259,404,1595,0.440
1260,405,1597,43
1261,406,1598,39
1262,406,1599,43
1263,407,1606,6
1264,408,1607,9
1265,408,1608,49
1266,408,1609,31
1267,408,1610,9
1268,408,1611,31
1269,409,1612,1
1270,410,1613,34.080
1271,411,1614,42
1272,411,1615,20
1273,412,1619,30
1274,412,1620,16
1275,412,1621,48
1276,413,1622,38
1277,413,1623,23
1278,413,1624,26
1279,414,1627,7.000
1280,414,1628,24.750
1281,414,1629,1.680
1282,414,1630,0.340
1283,415,1631,47
1284,415,1632,21
1285,415,1633,44
1286,416,1637,13
1287,416,1638,2
1288,416,1639,18
1289,416,1640,41
1290,417,1643,27
1291,417,1644,16
1292,417,1645,39
1293,417,1646,39
1294,418,1655,28.700
1295,418,1656,11.040
1296,418,1657,3.630
1297,418,1658,3.950
1298,418,1659,2.400
1299,419,1662,50
1300,419,1663,26
1301,420,1668,36
1302,420,1669,22
1303,420,1670,32
1304,420,1671,24
1305,421,1676,8
1306,421,1677,40
1307,421,1678,31
1308,422,1679,23
1309,422,1680,13
1310,422,1681,29
1311,422,1682,50
1312,423,1683,22
1313,423,1684,6
1314,423,1685,40
1315,424,1686,20
1316,424,1687,40
1317,425,1688,36
1318,425,1689,36
1319,425,1690,8
1320,425,1691,5
1321,425,1692,30
1322,426,1693,47
1323,426,1694,25
1324,427,1695,3
1325,427,1696,13
1326,427,1697,49
1327,427,1698,48
1328,427,1699,21
1329,428,1700,26
1330,429,1701,14
1331,429,1702,50
1332,430,1703,7
1333,430,1704,30
1334,431,1705,12.760
1335,431,1706,2.700
1336,431,1707,14.430
1337,431,1708,8.000
1338,431,1709,5.600
1339,432,1710,33
1340,432,1711,9
1341,432,1712,48
1342,432,1713,16
1343,432,1714,41
1344,433,1715,25.300
1345,433,1716,31.050
1346,433,1717,17.550
1347,433,1718,4.080
1348,434,1719,34
1349,434,1720,1
1350,434,1721,38
1351,435,1723,1
1352,436,1724,5.850
1353,436,1725,23.680
1354,436,1726,12.240
1355,436,1727,5.180
1356,437,1728,14
1357,438,1729,35
1358,438,1730,14
1359,439,1734,35
1360,440,1735,1
1361,440,1736,38
1362,440,1737,11
1363,440,1738,40
1364,441,1739,35
1365,441,1740,18
1366,441,1741,40
1367,441,1742,48
1368,441,1743,31
1369,442,1744,24
1370,442,1745,30
1371,442,1746,14
1372,442,1747,44
1373,443,1748,15.300
1374,443,1749,1.750
1375,443,1750,23.800
1376,444,1751,23
1377,444,1752,10
1378,444,1753,43
1379,444,1754,20
1380,445,1755,14
1381,445,1756,37
1382,445,1757,3
1383,445,1758,4
1384,445,1759,48
1385,446,1763,13
1386,446,1764,35
1387,446,1765,29
1388,446,1766,39
1389,446,1767,50
1390,447,1768,15
1391,447,1769,21
1392,447,1770,11
1393,447,1771,14
1394,447,1772,5
1395,448,1773,45
1396,449,1774,29
1397,449,1775,40
1398,449,1776,35
1399,449,1777,44
1400,450,1778,10
1401,450,1779,18
1402,450,1780,21
1403,450,1781,14
1404,451,1782,33
1405,451,1783,13
1406,451,1784,27
1407,451,1785,40
1408,451,1786,11
1409,452,1787,8
1410,452,1788,22
1411,452,1789,36
1412,452,1790,3
1413,452,1791,33
1414,453,1792,38
1415,453,1793,20
1416,453,1794,38
1417,454,1801,5.400
1418,455,1803,10.560
1419,455,1804,23.430
1420,455,1805,10.320
1421,455,1806,11.020
1422,455,1807,10.800
1423,456,1808,40
1424,456,1809,4
1425,456,1810,19
1426,456,1811,6
1427,456,1812,18
1428,457,1813,34.080
1429,458,1817,46
1430,459,1818,23.180
1431,459,1819,20.090
1432,460,1820,25.080
1433,460,1821,3.990
1434,460,1822,18.500
1435,460,1823,9.880
1436,461,1824,48
1437,461,1825,41
1438,461,1826,38
1439,462,1827,22
1440,462,1828,39
1441,462,1829,22
1442,462,1830,41
1443,463,1831,12
1444,463,1832,37
1445,463,1833,19
1446,463,1834,38
1447,463,1835,7
1448,464,1836,16
1449,464,1837,50
1450,464,1838,47
1451,465,1842,2
1452,465,1843,35
1453,465,1844,36
1454,465,1845,22
1455,465,1846,21
1456,466,1851,0.640
1457,466,1852,12.400
1458,467,1853,44
1459,467,1854,43
1460,467,1855,35
1461,467,1856,30
1462,467,1857,15
1463,468,1862,30
1464,468,1863,37
1465,468,1864,26
1466,468,1865,38
1467,468,1866,32
1468,469,1872,22.200
1469,469,1873,14.400
1470,469,1874,5.180
1471,469,1875,3.640
1472,469,1876,5.280
1473,470,1892,38
1474,470,1893,23
1475,470,1894,46
1476,471,1895,15
1477,471,1896,1
1478,471,1897,8
1479,471,1898,32
1480,472,1900,1
1481,472,1901,20
1482,472,1902,37
1483,472,1903,9
1484,473,1904,27
1485,473,1905,30
1486,473,1906,41
1487,473,1907,17
1488,474,1908,42
1489,474,1909,4
1490,474,1910,24
1491,474,1911,13
1492,474,1912,12
1493,475,1913,12.600
1494,475,1914,1.700
1495,476,1918,38
1496,476,1919,10
1497,476,1920,22
1498,476,1921,36
1499,477,1922,15
1500,477,1923,20
1501,477,1924,22
1502,477,1925,24
1503,477,1926,43
1504,478,1927,10
1505,479,1928,12.690
1506,479,1929,1.980
1507,480,1930,25
1508,480,1931,30
1509,481,1934,5.720
1510,481,1935,11.210
1511,481,1936,5.520
1512,481,1937,5.280
1513,482,1938,12.180
1514,482,1939,2.280
1515,482,1940,8.360
1516,482,1941,8.640
1517,483,1942,28
1518,483,1943,42
1519,483,1944,44
1520,483,1945,33
1521,483,1946,20
1522,484,1948,35
1523,484,1949,23
1524,485,1950,49
1525,486,1951,40
1526,486,1952,42
1527,486,1953,32
1528,486,1954,29
1529,487,1956,9
1530,488,1957,13
1531,488,1958,3
1532,488,1959,23
1533,488,1960,15
1534,488,1961,47
1535,489,1962,5.440
1536,489,1963,9.520
1537,489,1964,11.760
1538,489,1965,39.160
1539,489,1966,0.910
1540,490,1967,14
1541,490,1968,41
1542,490,1969,33
1543,490,1970,50
1544,491,1978,29
1545,491,1979,34
1546,491,1980,15
1547,491,1981,3
1548,491,1982,42
1549,492,1983,45
1550,492,1984,8
1551,492,1985,19
1552,493,1986,10.680
1553,493,1987,3.040
1554,493,1988,33.060
1555,493,1989,7.800
1556,494,1992,38
1557,494,1993,13
1558,495,1994,17
1559,495,1995,30
1560,495,1996,41
1561,496,1997,13
1562,496,1998,42
1563,497,1999,25
1564,497,2000,4
1565,497,2001,36
1566,498,2002,43
1567,499,2003,14
1568,499,2004,23
1569,499,2005,42
1570,499,2006,13
1571,499,2007,38
1572,500,2009,26
1573,500,2010,22
1574,500,2011,45
1575,501,2012,5
1576,501,2013,43
1577,501,2014,28
1578,501,2015,39
1579,501,2016,28
1580,502,2019,7
1581,502,2020,49
1582,502,2021,10
1583,502,2022,42
1584,503,2023,43
1585,504,2024,10.080
1586,504,2025,12.100
1587,504,2026,0.640
1588,505,2031,26
1589,505,2032,19
1590,505,2033,4
1591,505,2034,19
1592,506,2035,1
1593,506,2036,20
1594,506,2037,21
1595,506,2038,31
1596,507,2039,32.120
1597,507,2040,17.480
1598,507,2041,19.470
1599,507,2042,24.440
1600,507,2043,31.680
1601,508,2044,24
1602,509,2045,15
1603,509,2046,47
1604,509,2047,28
1605,509,2048,8
1606,510,2054,19
1607,510,2055,8
1608,510,2056,1
1609,510,2057,12
1610,510,2058,14
1611,511,2059,41
1612,511,2060,29
1613,511,2061,5
1614,511,2062,15
1615,511,2063,43
1616,512,2064,32
1617,512,2065,41
1618,512,2066,47
1619,512,2067,40
1620,513,2068,40
1621,513,2069,37
1622,513,2070,17
1623,514,2071,43
1624,514,2072,45
1625,514,2073,45
1626,514,2074,18
1627,515,2075,4
1628,515,2076,15
1629,515,2077,38
1630,516,2078,17
1631,516,2079,20
1632,516,2080,7
1633,517,2081,29
1634,517,2082,23
1635,517,2083,18
1636,517,2084,31
1637,518,2085,30
1638,519,2086,50
1639,519,2087,46
1640,519,2088,9
1641,519,2089,28
1642,519,2090,25
1643,520,2091,30
1644,520,2092,34
1645,520,2093,14
1646,520,2094,32
1647,521,2098,18
1648,522,2101,6.720
1649,522,2102,20.790
1650,523,2103,8
1651,523,2104,39
1652,523,2105,47
1653,523,2106,17
1654,524,2107,7
1655,524,2108,41
1656,524,2109,34
1657,524,2110,25
1658,524,2111,29
1659,525,2112,35.250
1660,525,2113,2.720
1661,525,2114,12.540
1662,525,2115,4.680
1663,526,2116,14
1664,526,2117,35
1665,526,2118,13
1666,527,2119,49
1667,527,2120,50
1668,527,2121,16
1669,527,2122,45
1670,528,2128,27
1671,528,2129,28
1672,529,2130,6
1673,529,2131,29
1674,529,2132,8
1675,530,2133,20
1676,531,2134,9
1677,532,2135,44
1678,532,2136,22
1679,532,2137,30
1680,532,2138,31
1681,533,2139,1.260
1682,534,2142,50
1683,535,2143,1
1684,535,2144,26
1685,536,2145,18
1686,536,2146,37
1687,536,2147,36
1688,536,2148,4
1689,536,2149,25
1690,537,2150,3
1691,538,2151,23
1692,539,2152,9
1693,539,2153,43
1694,540,2154,10
1695,540,2155,21
1696,541,2157,5
1697,541,2158,36
1698,541,2159,21
1699,542,2163,48
1700,542,2164,41
1701,542,2165,30
1702,542,2166,50
1703,542,2167,34
1704,543,2168,45
1705,543,2169,26
1706,543,2170,18
1707,544,2171,11
1708,544,2172,32
1709,544,2173,18
1710,544,2174,40
1711,545,2179,12.420
1712,545,2180,28.000
1713,546,2181,40.940
1714,546,2182,12.500
1715,546,2183,11.970
1716,546,2184,22.000
1717,546,2185,1.360
1718,547,2186,29
1719,548,2190,1.850
1720,548,2191,16.320
1721,548,2192,5.940
1722,548,2193,12.220
1723,549,2194,15
1724,549,2195,38
1725,549,2196,11
1726,549,2197,35
1727,549,2198,18
1728,550,2200,38
1729,550,2201,3
1730,551,2202,3
1731,551,2203,27
1732,552,2204,6
1733,552,2205,23
1734,553,2206,2.880
1735,553,2207,23.460
1736,553,2208,26.040
1737,554,2209,5
1738,554,2210,12
1739,555,2211,33.840
1740,555,2212,5.700
1741,556,2213,16.340
1742,556,2214,2.200
1743,557,2218,9
1744,557,2219,9
1745,558,2220,2.100
1746,558,2221,9.600
1747,559,2222,8.510
1748,559,2223,0.580
1749,559,2224,7.650
1750,560,2225,4
1751,561,2226,38
1752,561,2227,30
1753,562,2229,31
1754,562,2230,38
1755,562,2231,44
1756,562,2232,44
1757,563,2233,6.720
1758,563,2234,26.400
1759,563,2235,9.360
1760,563,2236,3.430
1761,563,2237,8.160
1762,564,2238,24
1763,565,2239,27.060
1764,565,2240,14.490
1765,565,2241,17.200
1766,565,2242,9.120
1767,566,2243,8
1768,566,2244,45
1769,566,2245,17
1770,566,2246,47
1771,566,2247,10
1772,567,2248,49
1773,567,2249,37
1774,567,2250,19
1775,568,2251,45
1776,568,2252,28
1777,568,2253,11
1778,569,2256,11
1779,569,2257,46
1780,570,2258,5
1781,570,2259,18
1782,570,2260,2
1783,570,2261,44
1784,571,2262,17.340
1785,571,2263,12.460
1786,572,2269,2
1787,572,2270,49
1788,572,2271,14
1789,572,2272,36
1790,572,2273,17
1791,573,2274,11
1792,574,2275,34
1793,574,2276,9
1794,574,2277,16
1795,575,2278,5
1796,575,2279,3
1797,575,2280,9
1798,575,2281,11
1799,575,2282,1
1800,576,2283,47
1801,577,2284,1
1802,577,2285,23
1803,578,2286,15.040
1804,578,2287,14.760
1805,578,2288,22.400
1806,578,2289,5.440
1807,578,2290,5.060
1808,579,2291,12
1809,579,2292,34
1810,579,2293,29
1811,579,2294,37
1812,579,2295,19
1813,580,2296,20
1814,580,2297,1
1815,580,2298,7
1816,581,2299,6
1817,581,2300,42
1818,581,2301,50
1819,581,2302,49
1820,582,2303,1.020
1821,582,2304,7.050
1822,582,2305,5.460
1823,582,2306,9.250
1824,582,2307,13.680
1825,583,2308,39.950
1826,583,2309,5.220
1827,583,2310,9.120
1828,583,2311,17.820
1829,583,2312,3.630
1830,584,2317,28.120
1831,584,2318,34.500
1832,584,2319,36.490
1833,584,2320,0.750
1834,585,2321,31
1835,585,2322,7
1836,585,2323,17
1837,586,2324,41
1838,586,2325,4
1839,587,2326,6.700
1840,587,2327,2.750
1841,587,2328,10.850
1842,588,2329,3
1843,589,2330,1.520
1844,589,2331,4.800
1845,589,2332,0.860
1846,590,2333,32
1847,590,2334,35
1848,590,2335,21
1849,591,2336,4
1850,591,2337,47
1851,591,2338,2
1852,591,2339,21
1853,591,2340,41
1854,592,2347,50
1855,592,2348,44
1856,592,2349,47
1857,592,2350,15
1858,593,2351,44
1859,593,2352,17
1860,594,2353,23
1861,594,2354,3
1862,595,2357,17.000
1863,595,2358,13.350
1864,595,2359,17.600
1865,595,2360,19.500
1866,595,2361,7.200
1867,596,2362,10
1868,596,2363,44
1869,596,2364,26
1870,597,2368,19.600
1871,597,2369,9.000
1872,597,2370,6.000
1873,597,2371,3.920
1874,598,2372,18.480
1875,598,2373,6.000
1876,599,2378,24
1877,599,2379,2
1878,599,2380,18
1879,599,2381,8
1880,599,2382,38
1881,600,2386,50
1882,600,2387,15
1883,601,2391,40
1884,601,2392,38
1885,602,2395,12
1886,602,2396,34
1887,602,2397,3
1888,602,2398,37
1889,602,2399,5
1890,603,2403,31
1891,603,2404,9
1892,603,2405,10
1893,604,2406,48
1894,604,2407,6
1895,604,2408,37
1896,605,2409,11
1897,605,2410,32
1898,605,2411,39
1899,605,2412,18
1900,606,2413,22.950
1901,607,2414,5
1902,607,2415,40
1903,607,2416,49
1904,607,2417,6
1905,608,2422,5.670
1906,608,2423,10.810
1907,608,2424,18.000
1908,608,2425,3.800
1909,608,2426,4.940
1910,609,2427,2.640
1911,609,2428,4.160
1912,609,2429,1.380
1913,609,2430,15.130
1914,609,2431,19.600
1915,610,2432,29
1916,610,2433,38
1917,610,2434,11
1918,610,2435,33
1919,611,2436,33
1920,611,2437,21
1921,612,2443,7
1922,612,2444,20
1923,612,2445,46
1924,613,2446,38
1925,613,2447,37
1926,613,2448,24
1927,614,2458,28
1928,615,2460,29.610
1929,615,2461,12.320
1930,616,2462,28
1931,616,2463,44
1932,616,2464,24
1933,617,2465,24
1934,617,2466,2
1935,617,2467,35
1936,617,2468,9
1937,617,2469,44
1938,618,2475,14
1939,619,2476,41
1940,619,2477,34
1941,619,2478,19
1942,619,2479,34
1943,619,2480,38
1944,620,2481,27
1945,620,2482,36
1946,620,2483,29
1947,621,2484,12
1948,622,2485,38
1949,622,2486,25
1950,622,2487,2
1951,623,2488,5.740
1952,624,2490,22.680
1953,624,2491,3.080
1954,624,2492,10.950
1955,624,2493,5.500
1956,625,2500,7.590
1957,625,2501,5.320
1958,626,2502,35
1959,626,2503,5
1960,626,2504,45
1961,626,2505,26
1962,627,2506,26
1963,627,2507,1
1964,627,2508,30
1965,627,2509,47
1966,627,2510,13
1967,628,2511,9.020
1968,628,2512,10.540
1969,628,2513,5.760
1970,629,2514,11
1971,629,2515,26
1972,629,2516,50
1973,629,2517,44
1974,629,2518,37
1975,630,2521,29
1976,630,2522,5
1977,630,2523,1
1978,631,2524,6
1979,631,2525,2
1980,631,2526,42
1981,631,2527,24
1982,631,2528,8
1983,632,2529,10
1984,632,2530,29
1985,632,2531,15
1986,632,2532,24
1987,633,2533,21
1988,633,2534,46
1989,633,2535,46
1990,633,2536,42
1991,634,2537,9.240
1992,634,2538,1.440
1993,634,2539,2.100
1994,634,2540,1.200
1995,634,2541,34.400
1996,635,2542,35
1997,636,2544,3
1998,636,2545,47
1999,636,2546,45
2000,636,2547,32
2001,636,2548,47
2002,637,2549,20.800
2003,637,2550,17.480
2004,638,2554,31
2005,638,2555,17
2006,639,2556,1.200
2007,639,2557,6.510
2008,639,2558,9.360
2009,639,2559,2.150
2010,640,2560,9.310
2011,640,2561,8.880
2012,641,2562,27
2013,641,2563,30
2014,641,2564,21
2015,641,2565,14
2016,641,2566,16
2017,642,2567,13
2018,643,2568,41
2019,643,2569,43
2020,644,2570,2.400
2021,644,2571,9.500
2022,644,2572,5.400
2023,645,2573,7
2024,645,2574,21
2025,645,2575,44
2026,645,2576,32
2027,646,2577,11
2028,646,2578,25
2029,646,2579,3
2030,647,2580,44
2031,647,2581,21
2032,647,2582,44
2033,647,2583,31
2034,648,2584,45
2035,648,2585,6
2036,648,2586,48
2037,648,2587,37
2038,649,2589,4.320
2039,649,2590,44.500
2040,650,2598,5
2041,650,2599,18
2042,650,2600,2
2043,651,2601,45
2044,652,2602,10
2045,652,2603,15
2046,653,2604,27.300
2047,653,2605,3.230
2048,653,2606,8.000
2049,653,2607,1.780
2050,653,2608,22.560
2051,654,2609,13.440
2052,654,2610,15.810
2053,654,2611,2.150
2054,654,2612,21.000
2055,655,2615,11.780
2056,655,2616,15.190
2057,655,2617,14.100
2058,655,2618,11.220
2059,656,2619,48
2060,657,2620,23.040
2061,657,2621,29.480
2062,657,2622,16.170
2063,658,2623,15.210
2064,659,2624,6
2065,659,2625,12
2066,659,2626,47
2067,659,2627,24
2068,660,2628,13.200
2069,660,2629,38.280
2070,660,2630,15.190
2071,660,2631,37.800
2072,661,2634,36
2073,662,2635,22
2074,662,2636,50
2075,662,2637,20
2076,663,2638,10
2077,663,2639,8
2078,663,2640,50
2079,664,2641,3
2080,664,2642,23
2081,664,2643,12
2082,664,2644,34
2083,664,2645,32
2084,665,2647,46
2085,665,2648,3
2086,666,2649,30
2087,666,2650,32
2088,666,2651,27
2089,666,2652,16
2090,667,2653,10.440
2091,668,2654,28
2092,668,2655,20
2093,668,2656,2
2094,668,2657,27
2095,669,2658,4.140
2096,669,2659,12.000
2097,669,2660,30.380
2098,670,2661,46
2099,670,2662,9
2100,670,2663,1
2101,671,2664,7
2102,671,2665,45
2103,671,2666,44
2104,671,2667,42
2105,671,2668,47
2106,672,2669,34
2107,673,2670,3.760
2108,673,2671,10.000
2109,673,2672,24.080
2110,673,2673,24.790
2111,674,2674,1.880
2112,674,2675,18.600
2113,674,2676,12.600
2114,674,2677,11.040
2115,674,2678,5.950
2116,675,2679,19
2117,675,2680,32
2118,675,2681,12
2119,675,2682,17
2120,676,2686,34
2121,676,2687,33
2122,676,2688,21
2123,677,2689,44
2124,677,2690,25
2125,678,2691,9
2126,678,2692,38
2127,678,2693,46
2128,678,2694,32
2129,679,2695,43
2130,679,2696,34
2131,679,2697,22
2132,679,2698,44
2133,679,2699,44
2134,680,2700,0.890
2135,680,2701,1.580
2136,680,2702,21.700
2137,681,2706,7
2138,681,2707,45
2139,681,2708,18
2140,682,2709,7.250
2141,682,2710,7.680
2142,682,2711,23.650
2143,683,2712,15
2144,683,2713,43
2145,684,2714,6
2146,685,2715,6.290
2147,685,2716,7.280
2148,685,2717,8.100
2149,685,2718,10.980
2150,685,2719,29.500
2151,686,2720,17
2152,686,2721,17
2153,686,2722,6
2154,686,2723,39
2155,687,2724,3.510
2156,687,2725,5.890
2157,687,2726,14.100
2158,687,2727,8.000
2159,687,2728,15.930
2160,688,2729,10
2161,688,2730,30
2162,688,2731,23
2163,689,2732,45
2164,689,2733,25
2165,690,2739,12
2166,690,2740,18
2167,690,2741,24
2168,690,2742,49
2169,691,2743,14.190
2170,691,2744,5.520
2171,691,2745,3.410
2172,691,2746,5.640
2173,691,2747,2.160
2174,692,2748,8.460
2175,692,2749,26.970
2176,692,2750,37.260
2177,692,2751,17.280
2178,692,2752,20.790
2179,693,2753,13
2180,693,2754,7
2181,694,2755,18.700
2182,694,2756,1.760
2183,694,2757,1.680
2184,695,2758,50
2185,695,2759,3
2186,695,2760,34
2187,696,2766,43
2188,697,2767,47
2189,697,2768,14
2190,697,2769,34
2191,697,2770,42
2192,698,2771,37
2193,698,2772,36
2194,699,2776,0.720
2195,699,2777,4.600
2196,699,2778,23.850
2197,699,2779,12.960
2198,700,2780,15.200
2199,700,2781,24.640
2200,700,2782,24.640
2201,701,2783,16.800
2202,702,2786,5.060
2203,703,2787,27
2204,703,2788,3
2205,703,2789,13
2206,703,2790,15
2207,703,2791,27
2208,704,2792,41
2209,705,2793,8
2210,705,2794,43
2211,706,2797,14
2212,706,2798,33
2213,707,2799,1.020
2214,707,2800,6.800
2215,707,2801,35.250
2216,707,2802,18.450
2217,707,2803,4.680
2218,708,2804,41
2219,708,2805,46
2220,709,2806,35
2221,709,2807,4
2222,709,2808,10
2223,709,2809,35
2224,709,2810,37
2225,710,2811,28
2226,710,2812,22
2227,711,2813,27
2228,712,2814,21
2229,712,2815,6
2230,713,2820,31.490
2231,714,2821,4.950
2232,714,2822,14.720
2233,714,2823,1.950
2234,715,2828,16
2235,715,2829,28
2236,715,2830,2
2237,715,2831,46
2238,716,2834,20
2239,716,2835,8
2240,716,2836,47
2241,716,2837,20
2242,717,2838,46
2243,717,2839,23
2244,717,2840,16
2245,717,2841,35
2246,718,2845,28
2247,719,2846,20.750
2248,720,2847,10
2249,720,2848,13
2250,720,2849,3
2251,720,2850,33
2252,721,2851,3.060
2253,721,2852,14.490
2254,722,2853,15
2255,723,2854,18
2256,723,2855,48
2257,723,2856,25
2258,723,2857,24
2259,723,2858,10
2260,724,2859,22
2261,725,2860,32
2262,726,2861,13
2263,727,2867,0.100
2264,727,2868,2.520
2265,727,2869,1.340
2266,727,2870,4.320
2267,728,2871,7.500
2268,728,2872,3.220
2269,728,2873,10.560
2270,728,2874,24.190
2271,729,2875,25.200
2272,729,2876,3.400
2273,729,2877,14.400
2274,729,2878,4.480
2275,730,2879,25.370
2276,730,2880,5.520
2277,730,2881,6.600
2278,730,2882,10.560
2279,730,2883,8.160
2280,731,2887,40
2281,731,2888,29
2282,731,2889,26
2283,732,2890,18
2284,732,2891,11
2285,733,2892,39
2286,733,2893,2
2287,733,2894,20
2288,734,2895,2
2289,734,2896,21
2290,734,2897,37
2291,735,2898,12
2292,735,2899,36
2293,736,2900,17.480
2294,736,2901,27.650
2295,736,2902,21.000
2296,736,2903,5.500
2297,737,2909,35
2298,737,2910,36
2299,737,2911,32
2300,738,2912,7.280
2301,738,2913,5.850
2302,738,2914,7.800
2303,738,2915,12.210
2304,738,2916,4.400
2305,739,2917,42
2306,739,2918,7
2307,739,2919,39
2308,740,2920,39
2309,740,2921,31
2310,741,2922,50
2311,741,2923,7
2312,742,2934,5
2313,742,2935,23
2314,742,2936,34
2315,742,2937,39
2316,743,2938,8
2317,743,2939,44
2318,743,2940,45
2319,744,2941,12.580
2320,745,2943,20.300
2321,745,2944,30.360
2322,746,2945,14
2323,746,2946,16
2324,746,2947,27
2325,746,2948,12
2326,747,2949,31
2327,747,2950,17
2328,747,2951,38
2329,748,2952,9
2330,748,2953,42
2331,748,2954,22
2332,748,2955,15
2333,748,2956,46
2334,749,2957,44
2335,750,2958,1.720
2336,750,2959,2.320
2337,750,2960,7.830
2338,751,2961,22
2339,751,2962,44
2340,751,2963,19
2341,751,2964,41
2342,751,2965,46
2343,752,2969,2
2344,753,2970,15.360
2345,753,2971,8.610
2346,753,2972,17.760
2347,754,2973,49
2348,755,2974,6
2349,755,2975,32
2350,755,2976,47
2351,755,2977,45
2352,755,2978,19
2353,756,2979,50
2354,756,2980,24
2355,756,2981,4
2356,757,2982,29
2357,757,2983,7
2358,757,2984,25
2359,757,2985,8
2360,758,2986,7.600
2361,758,2987,9.600
2362,758,2988,4.680
2363,758,2989,2.600
2364,758,2990,5.880
2365,759,2991,22
2366,759,2992,40
2367,760,2993,19
2368,760,2994,40
2369,760,2995,5
2370,760,2996,17
2371,760,2997,24
2372,761,2998,34
2373,761,2999,18
2374,761,3000,22
2375,761,3001,42
2376,762,3002,5.760
2377,763,3003,35
2378,763,3004,14
2379,763,3005,31
2380,763,3006,25
2381,763,3007,17
2382,764,3008,3
2383,764,3009,43
2384,764,3010,7
2385,765,3011,41
2386,765,3012,37
2387,765,3013,29
2388,765,3014,8
2389,765,3015,17
2390,766,3016,41
2391,766,3017,28
2392,766,3018,29
2393,766,3019,27
2394,767,3025,21
2395,767,3026,37
2396,767,3027,43
2397,767,3028,6
2398,767,3029,26
2399,768,3030,46
2400,769,3031,43
2401,769,3032,18
2402,769,3033,47
2403,769,3034,29
2404,770,3044,41
2405,770,3045,37
2406,770,3046,9
2407,771,3047,31
2408,771,3048,15
2409,771,3049,4
2410,771,3050,24
2411,771,3051,30
2412,772,3052,35
2413,773,3053,21
2414,773,3054,26
2415,773,3055,26
2416,774,3056,24
2417,774,3057,10
2418,774,3058,9
2419,774,3059,17
2420,774,3060,50
2421,775,3061,26
2422,775,3062,23
2423,775,3063,8
2424,775,3064,27
2425,775,3065,7
2426,776,3066,47
2427,776,3067,19
2428,777,3068,29.250
2429,777,3069,36.550
2430,777,3070,6.930
2431,777,3071,15.360
2432,778,3072,3
2433,779,3073,20
2434,779,3074,30
2435,779,3075,41
2436,780,3076,27
2437,780,3077,48
2438,780,3078,47
2439,781,3079,6.480
2440,781,3080,37.350
2441,781,3081,4.620
2442,781,3082,2.480
2443,782,3083,22
2444,783,3084,10
2445,784,3085,12.540
2446,784,3086,26.100
2447,785,3087,31
2448,785,3088,35
2449,786,3089,23.220
2450,787,3090,43
2451,788,3092,30
2452,788,3093,3
2453,789,3094,6.160
2454,789,3095,37.920
2455,790,3096,17
2456,790,3097,23
2457,790,3098,42
2458,791,3099,18
2459,791,3100,27
2460,791,3101,9
2461,791,3102,31
2462,791,3103,47
2463,792,3105,6.630
2464,792,3106,7.140
2465,792,3107,12.150
2466,792,3108,12.710
2467,793,3109,45
2468,793,3110,35
2469,793,3111,41
2470,794,3116,4
2471,795,3117,46
2472,795,3118,26
2473,796,3123,19
2474,796,3124,27
2475,796,3125,34
2476,797,3126,26
2477,797,3127,44
2478,797,3128,46
2479,798,3130,2
2480,798,3131,10
2481,798,3132,44
2482,799,3133,22
2483,799,3134,30
2484,799,3135,18
2485,799,3136,7
2486,799,3137,16
2487,800,3138,23
2488,800,3139,28
2489,801,3140,32
2490,801,3141,33
2491,801,3142,26
2492,801,3143,10
2493,802,3144,48
2494,802,3145,15
2495,802,3146,2
2496,803,3147,20
2497,804,3148,45
2498,805,3149,17
2499,805,3150,23
2500,805,3151,36
2501,805,3152,33
2502,806,3154,48
2503,806,3155,26
2504,806,3156,12
2505,806,3157,28
2506,807,3158,49
2507,807,3159,3
2508,808,3165,17.110
2509,808,3166,5.760
2510,808,3167,26.800
2511,808,3168,5.940
2512,808,3169,8.540
2513,809,3170,38
2514,809,3171,28
2515,809,3172,35
2516,810,3173,7
2517,810,3174,13
2518,810,3175,24
2519,810,3176,3
2520,811,3177,8.690
2521,811,3178,5.220
2522,811,3179,25.600
2523,811,3180,9.350
2524,811,3181,13.440
2525,812,3182,18
2526,812,3183,42
2527,813,3184,40
2528,813,3185,46
2529,813,3186,25
2530,814,3187,35
2531,814,3188,29
2532,814,3189,43
2533,814,3190,8
2534,815,3191,6
2535,815,3192,45
2536,815,3193,31
2537,816,3199,16
2538,816,3200,9
2539,816,3201,46
2540,816,3202,2
2541,816,3203,38
2542,817,3204,12
2543,817,3205,28
2544,818,3210,32
2545,818,3211,1
2546,818,3212,13
2547,818,3213,27
2548,818,3214,43
2549,819,3217,42
2550,820,3218,32
2551,820,3219,50
2552,820,3220,45
2553,820,3221,14
2554,821,3222,20
2555,821,3223,8
2556,821,3224,18
2557,821,3225,38
2558,821,3226,26
2559,822,3227,2.700
2560,822,3228,16.720
2561,822,3229,6.380
2562,823,3230,11
2563,824,3231,15
2564,824,3232,12
2565,824,3233,46
2566,825,3234,19
2567,825,3235,6
2568,825,3236,33
2569,825,3237,43
2570,825,3238,25
2571,826,3239,31
2572,826,3240,32
2573,827,3246,28
2574,827,3247,45
2575,828,3255,33
2576,829,3259,9.460
2577,829,3260,12.320
2578,829,3261,16.790
2579,829,3262,28.800
2580,830,3263,7.680
2581,830,3264,29.500
2582,830,3265,1.160
2583,831,3268,17
2584,831,3269,19
2585,831,3270,10
2586,832,3271,11
2587,832,3272,38
2588,832,3273,9
2589,833,3274,35.770
2590,833,3275,6.720
2591,833,3276,3.840
2592,834,3277,10
2593,834,3278,18
2594,834,3279,4
2595,834,3280,33
2596,835,3281,21
2597,835,3282,43
2598,835,3283,4
2599,835,3284,45
2600,835,3285,7
2601,836,3286,45
2602,836,3287,31
2603,836,3288,40
2604,837,3289,35
2605,837,3290,8
2606,838,3291,7.590
2607,838,3292,9.900
2608,839,3293,6
2609,839,3294,25
2610,839,3295,50
2611,839,3296,14
2612,839,3297,37
2613,840,3298,33
2614,841,3300,24.070
2615,841,3301,42.240
2616,841,3302,10.070
2617,841,3303,21.560
2618,841,3304,13.680
2619,842,3305,29
2620,843,3309,30.800
2621,843,3310,1.470
2622,843,3311,18.860
2623,843,3312,20.400
2624,844,3313,28
2625,844,3314,17
2626,844,3315,30
2627,844,3316,12
2628,844,3317,20
2629,845,3322,2.130
2630,845,3323,16.500
2631,845,3324,14.260
2632,845,3325,29.920
2633,846,3326,17
2634,846,3327,18
2635,846,3328,15
2636,846,3329,1
2637,847,3330,31
2638,847,3331,1
2639,847,3332,29
2640,847,3333,33
2641,847,3334,31
2642,848,3335,32
2643,848,3336,5
2644,849,3337,23
2645,849,3338,6
2646,849,3339,8
2647,849,3340,48
2648,850,3341,7
2649,850,3342,21
2650,850,3343,33
2651,850,3344,47
2652,851,3345,47
2653,851,3346,44
2654,851,3347,9
2655,851,3348,5
2656,851,3349,26
2657,852,3350,43
2658,852,3351,25
2659,853,3352,34
2660,853,3353,49
2661,853,3354,50
2662,853,3355,39
2663,853,3356,38
2664,854,3357,8.550
2665,854,3358,31.160
2666,855,3359,21.560
2667,855,3360,21.160
2668,856,3362,9
2669,856,3363,17
2670,856,3364,11
2671,856,3365,47
2672,857,3366,29
2673,857,3367,28
2674,857,3368,14
2675,857,3369,5
2676,858,3370,24
2677,858,3371,20
2678,858,3372,20
2679,858,3373,11
2680,859,3374,12
2681,860,3375,30
2682,861,3381,23
2683,861,3382,47
2684,862,3383,1
2685,863,3384,45
2686,864,3390,33
2687,865,3391,40
2688,865,3392,20
2689,865,3393,1
2690,866,3394,10
2691,866,3395,45
2692,867,3396,37
2693,867,3397,40
2694,867,3398,7
2695,867,3399,44
2696,867,3400,35
2697,868,3401,50
2698,868,3402,23
2699,869,3403,45
2700,870,3408,8.640
2701,870,3409,25.280
2702,870,3410,6.800
2703,870,3411,14.800
2704,871,3422,41
2705,871,3423,30
2706,871,3424,7
2707,871,3425,41
2708,871,3426,48
2709,872,3427,25
2710,873,3433,25.010
2711,874,3434,45
2712,874,3435,26
2713,874,3436,45
2714,874,3437,46
2715,875,3438,31
2716,875,3439,3
2717,875,3440,30
2718,876,3441,0.210
2719,877,3442,33
2720,877,3443,37
2721,878,3444,6
2722,878,3445,5
2723,879,3446,26
2724,879,3447,45
2725,880,3448,45
2726,880,3449,3
2727,880,3450,1
2728,881,3451,40
2729,881,3452,19
2730,881,3453,25
2731,881,3454,39
2732,881,3455,26
2733,882,3456,18
2734,882,3457,14
2735,882,3458,7
2736,883,3459,42
2737,883,3460,13
2738,883,3461,8
2739,883,3462,45
2740,884,3463,28.670
2741,884,3464,1.170
2742,884,3465,25.480
2743,885,3470,39
2744,885,3471,21
2745,885,3472,16
2746,886,3473,32
2747,887,3475,29
2748,887,3476,2
2749,887,3477,32
2750,888,3478,43
2751,888,3479,13
2752,888,3480,40
2753,888,3481,20
2754,888,3482,37
2755,889,3483,38
2756,889,3484,38
2757,889,3485,33
2758,889,3486,3
2759,889,3487,16
2760,890,3492,35
2761,891,3498,31.820
2762,891,3499,11.590
2763,891,3500,19.680
2764,892,3501,4.480
2765,892,3502,26.460
2766,893,3507,41
2767,894,3508,5.600
2768,894,3509,0.100
2769,894,3510,3.780
2770,894,3511,41.830
2771,894,3512,5.740
2772,895,3516,0.800
2773,895,3517,22.620
2774,896,3518,49
2775,896,3519,3
2776,896,3520,32
2777,896,3521,12
2778,897,3522,44
2779,897,3523,6
2780,897,3524,11
2781,897,3525,45
2782,897,3526,12
2783,898,3527,2
2784,898,3528,47
2785,898,3529,16
2786,898,3530,40
2787,898,3531,18
2788,899,3533,18
2789,899,3534,31
2790,899,3535,17
2791,900,3536,47
2792,900,3537,29
2793,900,3538,35
2794,900,3539,35
2795,900,3540,3
2796,901,3541,2.070
2797,902,3542,35
2798,903,3545,28.200
2799,903,3546,4.680
2800,903,3547,0.540
2801,904,3548,10
2802,904,3549,40
2803,904,3550,40
2804,905,3551,27
2805,905,3552,49
2806,905,3553,11
2807,906,3554,46
2808,907,3556,43
2809,908,3557,4.550
2810,908,3558,17.850
2811,908,3559,5.980
2812,908,3560,7.020
2813,909,3561,11
2814,909,3562,16
2815,910,3563,33
2816,910,3564,47
2817,910,3565,50
2818,910,3566,9
2819,911,3575,9
2820,912,3576,4.050
2821,912,3577,2.880
2822,912,3578,24.380
2823,912,3579,4.200
2824,913,3580,1.980
2825,913,3581,10.500
2826,913,3582,11.900
2827,914,3588,36
2828,914,3589,5
2829,914,3590,42
2830,914,3591,40
2831,914,3592,23
2832,915,3593,1
2833,915,3594,13
2834,915,3595,35
2835,916,3599,15
2836,916,3600,45
2837,916,3601,32
2838,916,3602,17
2839,917,3603,45
2840,917,3604,28
2841,917,3605,43
2842,918,3606,29
2843,919,3607,50
2844,919,3608,1
2845,920,3614,27
2846,921,3615,10
2847,921,3616,47
2848,921,3617,25
2849,921,3618,35
2850,921,3619,8
2851,922,3620,34
2852,922,3621,45
2853,922,3622,22
2854,923,3623,36
2855,923,3624,29
2856,923,3625,5
2857,923,3626,9
2858,923,3627,29
2859,924,3628,40
2860,924,3629,8
2861,924,3630,27
2862,924,3631,2
2863,924,3632,49
2864,925,3634,3.300
2865,925,3635,20.880
2866,925,3636,6.080
2867,926,3637,42
2868,926,3638,22
2869,926,3639,38
2870,927,3640,40
2871,927,3641,25
2872,928,3642,32.040
2873,928,3643,17.200
2874,928,3644,19.800
2875,928,3645,8.250
2876,929,3646,24
2877,929,3647,50
2878,929,3648,10
2879,930,3649,46
2880,930,3650,25
2881,930,3651,7
2882,930,3652,7
2883,930,3653,2
2884,931,3654,29
2885,931,3655,31
2886,931,3656,33
2887,931,3657,44
2888,931,3658,42
2889,932,3659,49
2890,932,3660,18
2891,933,3661,30
2892,934,3662,10.800
2893,934,3663,19.800
2894,934,3664,23.940
2895,935,3665,21.000
2896,935,3666,21.870
2897,935,3667,4.680
2898,936,3668,18
2899,936,3669,38
2900,936,3670,41
2901,937,3671,48
2902,937,3672,40
2903,937,3673,1
2904,937,3674,42
2905,938,3683,35
2906,938,3684,1
2907,938,3685,33
2908,939,3686,2
2909,939,3687,2
2910,939,3688,1
2911,939,3689,2
2912,939,3690,47
2913,940,3700,39.100
2914,941,3701,10.400
2915,941,3702,8.640
2916,941,3703,17.700
2917,941,3704,1.000
2918,941,3705,7.360
2919,942,3708,3.040
2920,943,3709,34
2921,943,3710,43
2922,943,3711,1
2923,943,3712,15
2924,944,3713,18
2925,944,3714,5
2926,944,3715,30
2927,944,3716,30
2928,944,3717,21
2929,945,3718,0.110
2930,945,3719,3.800
2931,945,3720,0.910
2932,946,3721,18
2933,946,3722,13
2934,946,3723,38
2935,946,3724,29
2936,946,3725,26
2937,947,3726,35
2938,947,3727,34
2939,947,3728,10
2940,947,3729,13
2941,948,3730,15
2942,948,3731,45
2943,949,3734,11.760
2944,949,3735,11.480
2945,950,3736,36
2946,950,3737,4
2947,950,3738,47
2948,951,3739,44
2949,951,3740,5
2950,952,3741,17
2951,952,3742,46
2952,953,3743,20.130
2953,953,3744,2.340
2954,953,3745,23.520
2955,954,3746,34
2956,954,3747,17
2957,954,3748,28
2958,954,3749,11
2959,955,3750,47
2960,955,3751,10
2961,955,3752,21
2962,955,3753,21
2963,955,3754,47
2964,956,3756,10.640
2965,957,3757,11
2966,957,3758,29
2967,957,3759,16
2968,958,3760,2
2969,958,3761,9
2970,958,3762,34
2971,958,3763,32
2972,959,3764,40
2973,960,3765,35
2974,960,3766,32
2975,960,3767,3
2976,960,3768,49
2977,961,3769,45
2978,961,3770,8
2979,961,3771,29
2980,962,3775,7
2981,962,3776,8
2982,963,3777,29
2983,963,3778,5
2984,964,3780,4.950
2985,964,3781,12.250
2986,964,3782,8.500
2987,964,3783,4.800
2988,964,3784,21.840
2989,965,3785,28
2990,965,3786,20
2991,965,3787,4
2992,965,3788,5
2993,966,3789,45
2994,966,3790,32
2995,966,3791,41
2996,966,3792,21
2997,966,3793,39
2998,967,3794,18
2999,967,3795,23
3000,967,3796,33
3001,967,3797,38
3002,968,3798,25
3003,968,3799,10
3004,968,3800,4
3005,969,3801,10
3006,969,3802,33
3007,970,3803,2
3008,970,3804,16
3009,970,3805,20
3010,970,3806,32
3011,971,3807,33
3012,972,3808,4.410
3013,972,3809,5.700
3014,972,3810,9.000
3015,972,3811,25.840
3016,973,3817,43
3017,973,3818,17
3018,973,3819,14
3019,973,3820,33
3020,973,3821,11
3021,974,3822,27
3022,974,3823,19
3023,974,3824,47
3024,975,3825,0.770
3025,975,3826,5.810
3026,975,3827,42.240
3027,975,3828,2.400
3028,975,3829,28.980
3029,976,3830,20
3030,977,3831,11
3031,977,3832,47
3032,977,3833,20
3033,978,3834,13.300
3034,979,3840,7.040
3035,979,3841,10.530
3036,979,3842,9.920
3037,979,3843,11.560
3038,979,3844,19.800
3039,980,3845,43
3040,980,3846,3
3041,980,3847,9
3042,981,3848,44
3043,981,3849,1
3044,982,3850,19
3045,982,3851,35
3046,982,3852,8
3047,982,3853,31
3048,983,3854,3
3049,983,3855,50
3050,984,3856,19.920
3051,984,3857,29.930
3052,984,3858,1.260
3053,984,3859,21.700
3054,985,3862,20
3055,985,3863,43
3056,985,3864,26
3057,986,3865,39
3058,986,3866,18
3059,986,3867,23
3060,986,3868,6
3061,987,3869,16
3062,987,3870,33
3063,987,3871,5
3064,987,3872,29
3065,988,3873,11
3066,988,3874,23
3067,988,3875,30
3068,989,3879,16.100
3069,989,3880,9.690
3070,989,3881,9.920
3071,990,3882,28
3072,991,3883,2.640
3073,991,3884,6.000
3074,992,3885,50
3075,992,3886,32
3076,992,3887,20
3077,993,3888,3.300
3078,993,3889,3.600
3079,993,3890,16.080
3080,993,3891,24.920
3081,994,3892,50
3082,994,3893,15
3083,994,3894,19
3084,994,3895,33
3085,995,3896,29
3086,995,3897,3
3087,995,3898,25
3088,996,3899,28
3089,996,3900,40
3090,997,3904,46
3091,997,3905,44
3092,997,3906,26
3093,998,3907,12
3094,998,3908,36
3095,998,3909,47
3096,999,3910,6
3097,1000,3911,14
3098,1000,3912,9
3099,1001,3913,3
3100,1001,3914,15
3101,1001,3915,22
3102,1001,3916,13
3103,1002,3917,4
3104,1002,3918,22
3105,1003,3919,34
3106,1003,3920,7
3107,1004,3925,8
3108,1004,3926,26
3109,1004,3927,18
3110,1005,3928,32
3111,1006,3929,14.760
3112,1007,3932,9.600
3113,1007,3933,14.820
3114,1007,3934,17.040
3115,1007,3935,2.480
3116,1008,3947,4
3117,1008,3948,29
3118,1009,3949,11.050
3119,1009,3950,22.080
3120,1010,3951,18
3121,1010,3952,40
3122,1010,3953,26
3123,1010,3954,4
3124,1011,3955,32.400
3125,1011,3956,2.000
3126,1011,3957,5.100
3127,1011,3958,17.550
3128,1011,3959,21.600
3129,1012,3960,37
3130,1012,3961,18
3131,1012,3962,31
3132,1013,3963,39
3133,1013,3964,23
3134,1014,3965,47
3135,1014,3966,1
3136,1015,3967,34
3137,1015,3968,15
3138,1015,3969,25
3139,1015,3970,28
3140,1016,3971,27
3141,1016,3972,44
3142,1016,3973,50
3143,1016,3974,41
3144,1017,3975,22
3145,1017,3976,47
3146,1017,3977,49
3147,1017,3978,4
3148,1017,3979,43
3149,1018,3980,21
3150,1019,3984,2.800
3151,1019,3985,20.240
3152,1019,3986,10.350
3153,1020,3987,36
3154,1021,3988,33
3155,1021,3989,7
3156,1021,3990,46
3157,1021,3991,8
3158,1021,3992,16
3159,1022,3994,3
3160,1022,3995,40
3161,1022,3996,39
3162,1023,3997,28
3163,1023,3998,48
3164,1024,3999,50
3165,1025,4000,8
3166,1025,4001,49
3167,1025,4002,16
3168,1025,4003,1
3169,1026,4004,19
3170,1026,4005,21
3171,1026,4006,39
3172,1026,4007,8
3173,1026,4008,46
3174,1027,4009,22
3175,1027,4010,14
3176,1027,4011,12
3177,1028,4012,32
3178,1028,4013,35
3179,1028,4014,19
3180,1028,4015,32
3181,1029,4020,8
3182,1030,4021,45
3183,1031,4022,7
3184,1031,4023,28
3185,1032,4024,26
3186,1033,4025,25
3187,1033,4026,8
3188,1033,4027,34
3189,1034,4028,34
3190,1034,4029,5
3191,1034,4030,15
3192,1034,4031,27
3193,1034,4032,11
3194,1035,4033,2.220
3195,1035,4034,1.400
3196,1036,4035,0.170
3197,1036,4036,32.340
3198,1036,4037,6.240
3199,1036,4038,27.260
3200,1037,4039,44
3201,1037,4040,26
3202,1037,4041,11
3203,1038,4045,31
3204,1038,4046,35
3205,1038,4047,25
3206,1038,4048,48
3207,1038,4049,30
3208,1039,4052,13.500
3209,1039,4053,9.860
3210,1039,4054,36.080
3211,1039,4055,40.480
3212,1039,4056,5.940
3213,1040,4057,13
3214,1040,4058,8
3215,1040,4059,40
3216,1041,4060,37
3217,1042,4069,32
3218,1042,4070,17
3219,1043,4071,46
3220,1043,4072,45
3221,1043,4073,37
3222,1043,4074,42
3223,1043,4075,3
3224,1044,4076,31
3225,1044,4077,47
3226,1044,4078,10
3227,1045,4079,17
3228,1045,4080,35
3229,1046,4081,49
3230,1046,4082,48
3231,1046,4083,46
3232,1046,4084,33
3233,1047,4086,23
3234,1048,4087,31
3235,1049,4088,37.410
3236,1050,4092,37
3237,1050,4093,43
3238,1050,4094,12
3239,1050,4095,47
3240,1050,4096,3
3241,1051,4107,40
3242,1051,4108,41
3243,1051,4109,4
3244,1051,4110,19
3245,1052,4111,17
3246,1052,4112,44
3247,1052,4113,1
3248,1052,4114,2
3249,1053,4116,45
3250,1053,4117,13
3251,1053,4118,38
3252,1053,4119,34
3253,1054,4120,1.200
3254,1054,4121,22.010
3255,1054,4122,2.800
3256,1055,4123,50
3257,1056,4124,38
3258,1056,4125,35
3259,1057,4131,49
3260,1058,4135,22
3261,1058,4136,30
3262,1059,4145,8
3263,1059,4146,37
3264,1059,4147,12
3265,1060,4148,25
3266,1061,4152,8
3267,1061,4153,15
3268,1062,4155,28.400
3269,1062,4156,7.440
3270,1062,4157,17.680
3271,1062,4158,3.480
3272,1062,4159,6.300
3273,1063,4160,15
3274,1064,4161,4.370
3275,1065,4162,5
3276,1065,4163,21
3277,1065,4164,26
3278,1065,4165,43
3279,1065,4166,18
3280,1066,4167,20
3281,1066,4168,36
3282,1066,4169,43
3283,1066,4170,13
3284,1066,4171,39
3285,1067,4172,28.220
3286,1067,4173,13.750
3287,1068,4174,44
3288,1068,4175,25
3289,1069,4177,7
3290,1069,4178,26
3291,1069,4179,36
3292,1069,4180,16
3293,1070,4181,9.460
3294,1070,4182,4.340
3295,1070,4183,1.890
3296,1070,4184,22.400
3297,1070,4185,32.300
3298,1071,4186,19.320
3299,1071,4187,13.200
3300,1071,4188,4.320
3301,1071,4189,8.500
3302,1072,4190,21
3303,1072,4191,45
3304,1072,4192,38
3305,1073,4193,50
3306,1073,4194,35
3307,1073,4195,40
3308,1073,4196,17
3309,1074,4197,39
3310,1074,4198,46
3311,1075,4199,6.440
3312,1075,4200,13.650
3313,1075,4201,11.970
3314,1075,4202,7.600
3315,1075,4203,6.380
3316,1076,4204,6
3317,1076,4205,2
3318,1076,4206,10
3319,1076,4207,50
3320,1077,4212,26
3321,1077,4213,12
3322,1077,4214,3
3323,1077,4215,37
3324,1078,4218,28
3325,1078,4219,26
3326,1078,4220,21
3327,1078,4221,11
3328,1079,4226,49
3329,1079,4227,30
3330,1079,4228,33
3331,1079,4229,33
3332,1079,4230,20
3333,1080,4231,38
3334,1080,4232,31
3335,1080,4233,39
3336,1081,4234,26.240
3337,1081,4235,3.000
3338,1081,4236,13.320
3339,1081,4237,14.440
3340,1081,4238,26.840
3341,1082,4239,48
3342,1082,4240,21
3343,1082,4241,18
3344,1082,4242,42
3345,1082,4243,30
3346,1083,4244,39
3347,1084,4245,13
3348,1085,4246,49
3349,1085,4247,39
3350,1085,4248,10
3351,1085,4249,45
3352,1086,4250,39
3353,1086,4251,38
3354,1086,4252,27
3355,1087,4253,29
3356,1087,4254,26
3357,1087,4255,10
3358,1087,4256,40
3359,1088,4257,39.560
3360,1088,4258,3.080
3361,1089,4259,25
3362,1089,4260,15
3363,1089,4261,33
3364,1089,4262,11
3365,1089,4263,4
3366,1090,4264,36
3367,1090,4265,20
3368,1091,4271,28
3369,1091,4272,43
3370,1091,4273,16
3371,1091,4274,45
3372,1092,4275,0.210
3373,1092,4276,32.800
3374,1092,4277,2.560
3375,1092,4278,42.720
3376,1092,4279,13.050
3377,1093,4280,37
3378,1093,4281,49
3379,1093,4282,50
3380,1093,4283,22
3381,1094,4287,17
3382,1095,4288,36
3383,1096,4289,41
3384,1096,4290,9
3385,1096,4291,44
3386,1097,4292,19
3387,1097,4293,31
3388,1097,4294,39
3389,1098,4295,6
3390,1098,4296,26
3391,1099,4297,1.240
3392,1099,4298,2.160
3393,1099,4299,21.060
3394,1100,4300,9.520
3395,1100,4301,28.120
3396,1100,4302,32.680
3397,1101,4303,10
3398,1101,4304,47
3399,1101,4305,24
3400,1101,4306,43
3401,1102,4307,49
3402,1102,4308,21
3403,1102,4309,22
3404,1102,4310,29
3405,1103,4312,8
3406,1103,4313,18
3407,1103,4314,5
3408,1104,4315,50
3409,1104,4316,26
3410,1104,4317,39
3411,1105,4319,27
3412,1105,4320,44
3413,1105,4321,18
3414,1106,4322,36
3415,1106,4323,21
3416,1106,4324,41
3417,1107,4325,21
3418,1107,4326,48
3419,1107,4327,39
3420,1108,4335,31
3421,1108,4336,39
3422,1109,4337,35
3423,1109,4338,47
3424,1109,4339,40
3425,1110,4340,2
3426,1110,4341,37
3427,1110,4342,45
3428,1110,4343,50
3429,1110,4344,46
3430,1111,4348,26
3431,1111,4349,40
3432,1111,4350,46
3433,1111,4351,24
3434,1111,4352,22
3435,1112,4353,19
3436,1113,4358,39
3437,1113,4359,27
3438,1114,4360,42
3439,1114,4361,9
3440,1115,4364,14
3441,1116,4366,25
3442,1116,4367,7
3443,1116,4368,35
3444,1116,4369,37
3445,1116,4370,7
3446,1117,4371,30
3447,1117,4372,45
3448,1117,4373,36
3449,1118,4374,25
3450,1118,4375,4
3451,1119,4376,44
3452,1119,4377,25
3453,1119,4378,6
3454,1119,4379,40
3455,1120,4380,21
3456,1120,4381,44
3457,1120,4382,36
3458,1120,4383,27
3459,1121,4384,15.500
3460,1121,4385,2.310
3461,1121,4386,1.440
3462,1122,4387,15
3463,1122,4388,44
3464,1123,4389,6.630
3465,1123,4390,36.080
3466,1123,4391,17.000
3467,1123,4392,25.500
3468,1123,4393,4.400
3469,1124,4394,42
3470,1125,4395,5.720
3471,1125,4396,7.830
3472,1125,4397,3.540
3473,1125,4398,19.880
3474,1125,4399,16.740
3475,1126,4400,30
3476,1127,4401,35
3477,1127,4402,42
3478,1127,4403,10
3479,1127,4404,18
3480,1128,4405,36
3481,1128,4406,14
3482,1128,4407,46
3483,1128,4408,32
3484,1129,4409,25
3485,1129,4410,1
3486,1129,4411,35
3487,1129,4412,49
3488,1129,4413,27
3489,1130,4414,38
3490,1131,4419,8
3491,1131,4420,19
3492,1132,4421,11
3493,1132,4422,13
3494,1132,4423,21
3495,1132,4424,26
3496,1132,4425,6
3497,1133,4426,4
3498,1133,4427,4
3499,1133,4428,49
3500,1133,4429,29
3501,1134,4430,14
3502,1134,4431,28
3503,1134,4432,48
3504,1134,4433,37
3505,1134,4434,19
3506,1135,4435,39
3507,1135,4436,50
3508,1135,4437,6
3509,1135,4438,14
3510,1136,4439,6.370
3511,1136,4440,4.200
3512,1136,4441,3.650
3513,1137,4442,15
3514,1137,4443,27
3515,1138,4444,44
3516,1139,4447,47
3517,1139,4448,15
3518,1140,4449,10
3519,1140,4450,38
3520,1140,4451,37
3521,1140,4452,45
3522,1140,4453,33
3523,1141,4454,36
3524,1141,4455,33
3525,1142,4456,32
3526,1142,4457,37
3527,1143,4458,45
3528,1143,4459,20
3529,1143,4460,29
3530,1143,4461,23
3531,1144,4462,31
3532,1145,4467,5.940
3533,1145,4468,13.260
3534,1146,4469,36
3535,1146,4470,35
3536,1147,4471,19.140
3537,1147,4472,15.660
3538,1148,4473,10
3539,1148,4474,31
3540,1149,4475,37
3541,1149,4476,41
3542,1149,4477,23
3543,1149,4478,32
3544,1150,4481,15
3545,1150,4482,16
3546,1151,4483,24
3547,1151,4484,18
3548,1151,4485,50
3549,1152,4489,11.270
3550,1152,4490,21.120
3551,1153,4491,2.100
3552,1153,4492,11.500
3553,1153,4493,4.450
3554,1153,4494,8.640
3555,1153,4495,11.800
3556,1154,4496,15
3557,1154,4497,42
3558,1155,4499,46
3559,1156,4500,29
3560,1156,4501,14
3561,1157,4502,40
3562,1157,4503,46
3563,1158,4509,3
3564,1158,4510,46
3565,1158,4511,10
3566,1158,4512,48
3567,1158,4513,41
3568,1159,4523,16
3569,1159,4524,50
3570,1160,4525,5.760
3571,1160,4526,5.780
3572,1161,4527,15
3573,1162,4528,36
3574,1162,4529,26
3575,1162,4530,37
3576,1162,4531,20
3577,1162,4532,40
3578,1163,4533,35
3579,1163,4534,40
3580,1163,4535,21
3581,1163,4536,25
3582,1164,4540,42
3583,1164,4541,37
3584,1164,4542,24
3585,1164,4543,14
3586,1165,4544,10.240
3587,1165,4545,2.520
3588,1165,4546,17.420
3589,1166,4551,43
3590,1166,4552,22
3591,1166,4553,36
3592,1166,4554,44
3593,1167,4555,46
3594,1168,4562,40
3595,1168,4563,10
3596,1168,4564,32
3597,1168,4565,50
3598,1168,4566,27
3599,1169,4571,0.660
3600,1169,4572,24.070
3601,1170,4573,45
3602,1170,4574,14
3603,1170,4575,32
3604,1171,4579,46
3605,1171,4580,1
3606,1172,4590,1.210
3607,1173,4591,32
3608,1174,4592,11
3609,1175,4594,13
3610,1175,4595,1
3611,1175,4596,14
3612,1176,4597,18.000
3613,1176,4598,24.640
3614,1177,4599,14
3615,1177,4600,49
3616,1177,4601,33
3617,1178,4602,0.580
3618,1178,4603,1.620
3619,1179,4604,28
3620,1180,4605,42
3621,1180,4606,27
3622,1180,4607,31
3623,1180,4608,27
3624,1181,4613,17
3625,1181,4614,2
3626,1181,4615,14
3627,1182,4619,30.600
3628,1182,4620,12.000
3629,1183,4621,2.100
3630,1183,4622,18.600
3631,1183,4623,22.250
3632,1183,4624,10.800
3633,1184,4628,5
3634,1184,4629,17
3635,1184,4630,36
3636,1184,4631,45
3637,1184,4632,30
3638,1185,4633,41
3639,1185,4634,18
3640,1185,4635,29
3641,1185,4636,16
3642,1186,4637,21
3643,1186,4638,24
3644,1186,4639,46
3645,1187,4640,34
3646,1188,4641,7
3647,1188,4642,39
3648,1188,4643,10
3649,1188,4644,30
3650,1189,4645,13.940
3651,1189,4646,2.520
3652,1189,4647,19.680
3653,1190,4648,0.570
3654,1190,4649,40.480
3655,1190,4650,2.310
3656,1190,4651,0.520
3657,1190,4652,29.700
3658,1191,4656,33
3659,1191,4657,22
3660,1191,4658,8
3661,1192,4659,12.880
3662,1192,4660,7.500
3663,1192,4661,12.600
3664,1192,4662,7.590
3665,1193,4663,20.800
3666,1193,4664,24.360
3667,1194,4665,18.360
3668,1194,4666,2.220
3669,1194,4667,4.590
3670,1194,4668,5.950
3671,1194,4669,0.400
3672,1195,4670,17
3673,1195,4671,24
3674,1196,4672,8.250
3675,1196,4673,0.990
3676,1197,4674,15
3677,1197,4675,4
3678,1197,4676,9
3679,1198,4677,8
3680,1198,4678,13
3681,1199,4679,47
3682,1199,4680,44
3683,1200,4685,48
3684,1201,4686,40
3685,1201,4687,30
3686,1201,4688,14
3687,1201,4689,34
3688,1201,4690,50
3689,1202,4691,12.960
3690,1202,4692,0.900
3691,1202,4693,9.480
3692,1203,4694,44
3693,1203,4695,38
3694,1203,4696,1
3695,1203,4697,3
3696,1204,4698,10.880
3697,1205,4699,41
3698,1205,4700,19
3699,1206,4704,30
3700,1206,4705,1
3701,1207,4706,24
3702,1207,4707,34
3703,1207,4708,40
3704,1207,4709,37
3705,1207,4710,29
3706,1208,4711,4
3707,1208,4712,13
3708,1208,4713,24
3709,1208,4714,12
3710,1208,4715,9
3711,1209,4716,24
3712,1209,4717,7
3713,1210,4718,25
3714,1210,4719,15
3715,1211,4723,38
3716,1211,4724,19
3717,1211,4725,44
3718,1211,4726,43
3719,1211,4727,9
3720,1212,4728,30.150
3721,1212,4729,27.590
3722,1212,4730,7.000
3723,1212,4731,31.920
3724,1212,4732,21.930
3725,1213,4733,6
3726,1213,4734,3
3727,1213,4735,28
3728,1214,4736,12.690
3729,1214,4737,1.400
3730,1214,4738,4.770
3731,1215,4739,6.880
3732,1216,4740,8
3733,1216,4741,28
3734,1216,4742,6
3735,1216,4743,13
3736,1216,4744,39
3737,1217,4746,10
3738,1217,4747,8
3739,1218,4748,49
3740,1218,4749,36
3741,1218,4750,12
3742,1219,4755,27
3743,1219,4756,14
3744,1219,4757,31
3745,1219,4758,36
3746,1219,4759,8
3747,1220,4761,17
3748,1220,4762,49
3749,1220,4763,7
3750,1220,4764,41
3751,1221,4765,47
3752,1221,4766,23
3753,1221,4767,49
3754,1221,4768,49
3755,1221,4769,39
3756,1222,4770,1.880
3757,1222,4771,33.440
3758,1223,4775,1.710
3759,1223,4776,2.470
3760,1223,4777,12.160
3761,1224,4778,1
3762,1224,4779,46
3763,1224,4780,5
3764,1224,4781,50
3765,1225,4788,9
3766,1225,4789,17
3767,1225,4790,39
3768,1225,4791,27
3769,1225,4792,4
3770,1226,4793,38
3771,1226,4794,47
3772,1226,4795,40
3773,1226,4796,1
3774,1227,4797,37.440
3775,1227,4798,19.470
3776,1228,4799,13
3777,1228,4800,10
3778,1228,4801,21
3779,1228,4802,43
3780,1229,4803,32
3781,1229,4804,5
3782,1229,4805,36
3783,1229,4806,27
3784,1229,4807,20
3785,1230,4808,50
3786,1230,4809,4
3787,1230,4810,16
3788,1230,4811,3
3789,1230,4812,31
3790,1231,4813,6
3791,1231,4814,45
3792,1231,4815,10
3793,1231,4816,15
3794,1231,4817,40
3795,1232,4818,2
3796,1233,4819,9
3797,1233,4820,44
3798,1233,4821,49
3799,1233,4822,12
3800,1233,4823,39
3801,1234,4824,7.650
3802,1235,4825,28
3803,1235,4826,38
3804,1235,4827,19
3805,1236,4828,7
3806,1236,4829,19
3807,1236,4830,37
3808,1236,4831,39
3809,1236,4832,23
3810,1237,4833,33
3811,1238,4834,24
3812,1239,4835,23
3813,1239,4836,40
3814,1239,4837,1
3815,1240,4838,11.400
3816,1240,4839,18.250
3817,1240,4840,9.400
3818,1241,4845,1
3819,1241,4846,39
3820,1242,4847,39
3821,1242,4848,40
3822,1242,4849,28
3823,1242,4850,47
3824,1243,4851,25.230
3825,1243,4852,15.600
3826,1243,4853,3.900
3827,1244,4854,5.700
3828,1244,4855,8.800
3829,1244,4856,7.680
3830,1244,4857,18.400
3831,1244,4858,19.760
3832,1245,4859,38.250
3833,1246,4860,49
3834,1246,4861,25
3835,1247,4870,45
3836,1247,4871,32
3837,1247,4872,40
3838,1247,4873,11
3839,1247,4874,28
3840,1248,4879,28
3841,1249,4880,1
3842,1249,4881,25
3843,1249,4882,9
3844,1249,4883,25
3845,1250,4888,14
3846,1250,4889,37
3847,1251,4890,47
3848,1251,4891,32
3849,1252,4892,48
3850,1252,4893,27
3851,1253,4894,12
3852,1253,4895,12
3853,1253,4896,12
3854,1253,4897,33
3855,1253,4898,29
3856,1254,4900,9
3857,1255,4903,37
3858,1255,4904,3
3859,1255,4905,47
3860,1255,4906,48
3861,1256,4907,41
3862,1256,4908,40
3863,1256,4909,28
3864,1257,4910,24
3865,1257,4911,39
3866,1257,4912,47
3867,1257,4913,12
3868,1258,4914,22
3869,1258,4915,28
3870,1258,4916,9
3871,1258,4917,12
3872,1259,4918,19
3873,1259,4919,27
3874,1260,4924,20.250
3875,1260,4925,15.300
3876,1260,4926,6.560
3877,1260,4927,2.070
3878,1260,4928,25.740
3879,1261,4929,25
3880,1261,4930,17
3881,1261,4931,46
3882,1261,4932,18
3883,1261,4933,23
3884,1262,4934,28
3885,1262,4935,40
3886,1262,4936,38
3887,1262,4937,7
3888,1263,4939,22
3889,1263,4940,32
3890,1264,4941,2.320
3891,1264,4942,10.000
3892,1264,4943,6.240
3893,1264,4944,41.500
3894,1265,4945,21
3895,1265,4946,47
3896,1265,4947,30
3897,1266,4948,45
3898,1266,4949,13
3899,1266,4950,44
3900,1266,4951,42
3901,1267,4952,45
3902,1267,4953,11
3903,1267,4954,33
3904,1267,4955,7
3905,1268,4956,46
3906,1268,4957,12
3907,1269,4958,41
3908,1269,4959,25
3909,1269,4960,26
3910,1270,4964,10
3911,1270,4965,36
3912,1270,4966,43
3913,1271,4967,1.450
3914,1271,4968,0.260
3915,1271,4969,22.250
3916,1272,4976,5
3917,1272,4977,34
3918,1272,4978,46
3919,1273,4979,6.480
3920,1273,4980,3.640
3921,1273,4981,26.880
3922,1273,4982,1.080
3923,1274,4983,42
3924,1274,4984,35
3925,1274,4985,14
3926,1274,4986,10
3927,1275,4991,46
3928,1275,4992,42
3929,1275,4993,34
3930,1276,4994,16
3931,1276,4995,27
3932,1276,4996,23
3933,1276,4997,29
3934,1277,4998,40
3935,1278,5002,44
3936,1279,5003,7.670
3937,1279,5004,21.840
3938,1280,5005,1.760
3939,1280,5006,9.660
3940,1280,5007,8.010
3941,1280,5008,8.820
3942,1280,5009,0.360
3943,1281,5013,1
3944,1281,5014,16
3945,1281,5015,49
3946,1281,5016,33
3947,1281,5017,47
3948,1282,5022,36
3949,1282,5023,15
3950,1282,5024,24
3951,1282,5025,15
3952,1282,5026,15
3953,1283,5027,37
3954,1283,5028,24
3955,1283,5029,45
3956,1283,5030,43
3957,1283,5031,17
3958,1284,5032,12.320
3959,1284,5033,9.520
3960,1284,5034,18.720
3961,1284,5035,17.200
3962,1284,5036,23.200
3963,1285,5037,13.440
3964,1285,5038,0.320
3965,1285,5039,4.200
3966,1286,5040,4.400
3967,1286,5041,0.650
3968,1287,5042,5
3969,1288,5048,24.640
3970,1289,5052,41
3971,1290,5054,0.260
3972,1290,5055,1.870
3973,1290,5056,2.550
3974,1290,5057,2.280
3975,1291,5058,20
3976,1291,5059,27
3977,1291,5060,28
3978,1292,5061,34
3979,1292,5062,36
3980,1292,5063,18
3981,1292,5064,46
3982,1292,5065,17
3983,1293,5066,40
3984,1294,5069,15.190
3985,1294,5070,5.610
3986,1294,5071,12.400
3987,1295,5076,41
3988,1295,5077,15
3989,1295,5078,47
3990,1295,5079,12
3991,1296,5087,24.780
3992,1296,5088,29.200
3993,1296,5089,3.440
3994,1296,5090,13.330
3995,1297,5091,4
3996,1297,5092,49
3997,1298,5093,36
3998,1298,5094,41
3999,1298,5095,24
4000,1299,5096,18
4001,1299,5097,11
4002,1300,5098,41
4003,1300,5099,9
4004,1300,5100,33
4005,1301,5101,31
4006,1301,5102,43
4007,1301,5103,15
4008,1302,5104,31
4009,1302,5105,50
4010,1302,5106,3
4011,1302,5107,28
4012,1302,5108,10
4013,1303,5109,1
4014,1303,5110,41
4015,1303,5111,5
4016,1304,5117,41
4017,1304,5118,47
4018,1304,5119,24
4019,1305,5120,39
4020,1305,5121,14
4021,1305,5122,21
4022,1305,5123,43
4023,1306,5128,17.940
4024,1306,5129,4.960
4025,1307,5130,27.450
4026,1307,5131,23.940
4027,1307,5132,3.760
4028,1307,5133,3.640
4029,1307,5134,2.040
4030,1308,5135,12
4031,1308,5136,32
4032,1309,5137,16.740
4033,1309,5138,5.040
4034,1310,5139,27
4035,1310,5140,1
4036,1311,5141,12.600
4037,1311,5142,0.840
4038,1312,5143,29.250
4039,1312,5144,18.900
4040,1312,5145,21.060
4041,1313,5146,12.040
4042,1314,5147,12
4043,1315,5148,15.600
4044,1315,5149,22.680
4045,1316,5150,15
4046,1316,5151,14
4047,1317,5157,10.800
4048,1318,5166,8.740
4049,1318,5167,35.670
4050,1318,5168,4.800
4051,1318,5169,19.600
4052,1319,5175,47
4053,1319,5176,47
4054,1319,5177,22
4055,1320,5178,8.820
4056,1320,5179,6.000
4057,1320,5180,11.040
4058,1320,5181,16.500
4059,1321,5182,50
4060,1322,5183,10
4061,1322,5184,3
4062,1322,5185,41
4063,1322,5186,26
4064,1323,5187,38
4065,1323,5188,21
4066,1323,5189,12
4067,1323,5190,45
4068,1323,5191,24
4069,1324,5192,44
4070,1324,5193,48
4071,1324,5194,27
4072,1325,5195,8
4073,1325,5196,21
4074,1325,5197,3
4075,1325,5198,2
4076,1326,5199,48
4077,1326,5200,47
4078,1327,5201,32
4079,1327,5202,28
4080,1327,5203,31
4081,1327,5204,25
4082,1327,5205,48
4083,1328,5212,44
4084,1328,5213,11
4085,1328,5214,17
4086,1328,5215,22
4087,1329,5216,22.570
4088,1329,5217,2.520
4089,1330,5218,38
4090,1331,5219,1.040
4091,1331,5220,29.160
4092,1331,5221,12.950
4093,1332,5222,36.120
4094,1332,5223,22.800
4095,1332,5224,12.540
4096,1332,5225,8.400
4097,1332,5226,6.090
4098,1333,5229,32
4099,1333,5230,42
4100,1333,5231,29
4101,1333,5232,27
4102,1333,5233,34
4103,1334,5234,21
4104,1335,5235,23.760
4105,1335,5236,8.600
4106,1335,5237,5.880
4107,1335,5238,5.250
4108,1336,5239,47
4109,1336,5240,14
4110,1336,5241,30
4111,1337,5242,25
4112,1338,5243,6.880
4113,1338,5244,23.400
4114,1339,5250,43
4115,1339,5251,30
4116,1340,5252,22.780
4117,1340,5253,11.040
4118,1340,5254,33.120
4119,1340,5255,3.500
4120,1341,5256,1.920
4121,1341,5257,2.200
4122,1341,5258,10.500
4123,1342,5259,45
4124,1342,5260,37
4125,1343,5261,31
4126,1343,5262,28
4127,1343,5263,7
4128,1344,5264,25
4129,1344,5265,22
4130,1344,5266,21
4131,1345,5267,48
4132,1345,5268,8
4133,1345,5269,32
4134,1346,5270,13.440
4135,1346,5271,17.150
4136,1346,5272,14.000
4137,1346,5273,12.180
4138,1346,5274,7.040
4139,1347,5275,2
4140,1348,5276,38
4141,1348,5277,3
4142,1348,5278,15
4143,1348,5279,10
4144,1349,5280,39
4145,1349,5281,42
4146,1349,5282,33
4147,1349,5283,39
4148,1349,5284,2
4149,1350,5285,2
4150,1350,5286,14
4151,1351,5287,19.610
4152,1351,5288,6.720
4153,1351,5289,8.580
4154,1351,5290,16.800
4155,1351,5291,32.560
4156,1352,5292,7.540
4157,1352,5293,0.600
4158,1352,5294,38.540
4159,1352,5295,6.600
4160,1353,5296,6
4161,1353,5297,34
4162,1353,5298,7
4163,1353,5299,8
4164,1354,5300,6
4165,1354,5301,25
4166,1355,5302,8.640
4167,1356,5303,7
4168,1357,5304,14
4169,1357,5305,18
4170,1357,5306,36
4171,1357,5307,30
4172,1358,5309,6
4173,1358,5310,34
4174,1359,5311,50
4175,1359,5312,24
4176,1360,5313,38
4177,1360,5314,21
4178,1360,5315,10
4179,1360,5316,48
4180,1361,5317,3
4181,1362,5318,40
4182,1362,5319,42
4183,1362,5320,13
4184,1362,5321,13
4185,1363,5322,45
4186,1363,5323,49
4187,1363,5324,32
4188,1364,5325,4.730
4189,1364,5326,4.130
4190,1364,5327,15.000
4191,1364,5328,8.700
4192,1365,5335,13
4193,1366,5336,19
4194,1366,5337,43
4195,1366,5338,10
4196,1367,5339,12
4197,1367,5340,39
4198,1367,5341,48
4199,1368,5342,4.510
4200,1368,5343,0.320
4201,1368,5344,9.570
4202,1368,5345,1.620
4203,1369,5346,34
4204,1369,5347,27
4205,1370,5348,16
4206,1370,5349,22
4207,1371,5350,50
4208,1371,5351,40
4209,1372,5357,44
4210,1372,5358,22
4211,1373,5360,33
4212,1373,5361,36
4213,1374,5362,1.800
4214,1374,5363,31.000
4215,1375,5366,33
4216,1375,5367,17
4217,1375,5368,45
4218,1375,5369,4
4219,1376,5373,32
4220,1376,5374,13
4221,1376,5375,38
4222,1376,5376,24
4223,1376,5377,46
4224,1377,5378,36
4225,1377,5379,1
4226,1378,5380,21
4227,1379,5381,24.180
4228,1379,5382,14.080
4229,1379,5383,10.440
4230,1379,5384,9.120
4231,1380,5395,38
4232,1380,5396,21
4233,1381,5397,24
4234,1381,5398,49
4235,1381,5399,42
4236,1381,5400,31
4237,1382,5401,2
4238,1383,5402,0.980
4239,1383,5403,7.200
4240,1383,5404,0.910
4241,1383,5405,21.560
4242,1383,5406,21.000
4243,1384,5412,32
4244,1385,5413,2
4245,1385,5414,23
4246,1386,5415,47
4247,1386,5416,48
4248,1386,5417,7
4249,1387,5418,9.680
4250,1387,5419,5.320
4251,1387,5420,3.000
4252,1387,5421,5.130
4253,1388,5422,37
4254,1388,5423,5
4255,1388,5424,19
4256,1389,5426,24
4257,1389,5427,42
4258,1389,5428,47
4259,1389,5429,39
4260,1390,5430,16
4261,1390,5431,16
4262,1391,5440,0.840
4263,1391,5441,15.360
4264,1391,5442,29.900
4265,1391,5443,4.840
4266,1392,5444,25
4267,1392,5445,9
4268,1392,5446,5
4269,1392,5447,5
4270,1392,5448,38
4271,1393,5449,1
4272,1393,5450,30
4273,1393,5451,40
4274,1394,5452,12.800
4275,1395,5453,3.200
4276,1395,5454,1.640
4277,1396,5455,2
4278,1397,5456,7
4279,1397,5457,3
4280,1397,5458,29
4281,1397,5459,27
4282,1398,5465,9
4283,1398,5466,12
4284,1398,5467,7
4285,1398,5468,16
4286,1398,5469,22
4287,1399,5470,14
4288,1399,5471,23
4289,1399,5472,15
4290,1399,5473,34
4291,1399,5474,14
4292,1400,5475,34
4293,1400,5476,20
4294,1400,5477,9
4295,1400,5478,13
4296,1401,5479,16
4297,1402,5480,42
4298,1402,5481,43
4299,1402,5482,9
4300,1402,5483,3
4301,1402,5484,15
4302,1403,5485,48
4303,1403,5486,9
4304,1404,5493,1.560
4305,1404,5494,40.800
4306,1404,5495,10.500
4307,1404,5496,17.490
4308,1405,5499,44
4309,1405,5500,39
4310,1405,5501,24
4311,1405,5502,16
4312,1405,5503,46
4313,1406,5504,3.240
4314,1406,5505,13.500
4315,1406,5506,7.200
4316,1406,5507,14.490
4317,1407,5508,26
4318,1407,5509,26
4319,1407,5510,39
4320,1407,5511,7
4321,1408,5512,9
4322,1408,5513,18
4323,1408,5514,32
4324,1408,5515,42
4325,1408,5516,34
4326,1409,5517,14.110
4327,1409,5518,1.290
4328,1409,5519,16.530
4329,1409,5520,34.320
4330,1409,5521,7.020
4331,1410,5522,4.900
4332,1410,5523,23.780
4333,1411,5524,1.820
4334,1411,5525,0.690
4335,1411,5526,5.800
4336,1411,5527,12.160
4337,1411,5528,6.720
4338,1412,5529,25.740
4339,1413,5531,2.100
4340,1413,5532,3.960
4341,1413,5533,7.560
4342,1413,5534,30.360
4343,1414,5535,19
4344,1414,5536,6
4345,1415,5537,10.080
4346,1415,5538,5.040
4347,1415,5539,27.360
4348,1416,5540,37
4349,1416,5541,24
4350,1417,5545,14
4351,1417,5546,21
4352,1417,5547,50
4353,1417,5548,37
4354,1418,5549,32.340
4355,1418,5550,14.700
4356,1418,5551,3.720
4357,1419,5552,19
4358,1419,5553,3
4359,1419,5554,18
4360,1420,5555,27.200
4361,1420,5556,40.000
4362,1420,5557,34.800
4363,1420,5558,6.500
4364,1421,5559,8
4365,1422,5565,47
4366,1423,5566,13.630
4367,1423,5567,8.990
4368,1424,5568,35
4369,1424,5569,38
4370,1425,5570,26
4371,1426,5576,17
4372,1426,5577,15
4373,1427,5579,11.130
4374,1427,5580,19.200
4375,1427,5581,12.460
4376,1427,5582,2.820
4377,1428,5583,8.510
4378,1429,5584,43
4379,1429,5585,4
4380,1429,5586,9
4381,1430,5592,23.000
4382,1430,5593,6.880
4383,1430,5594,15.840
4384,1430,5595,0.660
4385,1430,5596,11.700
4386,1431,5597,33
4387,1431,5598,26
4388,1431,5599,3
4389,1431,5600,4
4390,1432,5605,12
4391,1432,5606,14
4392,1432,5607,21
4393,1432,5608,13
4394,1432,5609,14
4395,1433,5610,50
4396,1433,5611,32
4397,1433,5612,12
4398,1433,5613,22
4399,1434,5614,17
4400,1434,5615,7
4401,1434,5616,20
4402,1434,5617,22
4403,1435,5618,25
4404,1436,5619,26
4405,1436,5620,42
4406,1436,5621,22
4407,1437,5623,22
4408,1437,5624,13
4409,1438,5625,38
4410,1438,5626,6
4411,1438,5627,6
4412,1439,5628,26.600
4413,1439,5629,1.520
4414,1440,5630,34
4415,1441,5631,13
4416,1441,5632,45
4417,1441,5633,30
4418,1442,5634,8
4419,1442,5635,48
4420,1442,5636,38
4421,1442,5637,20
4422,1443,5644,38
4423,1444,5645,37.800
4424,1445,5646,4
4425,1445,5647,15
4426,1445,5648,8
4427,1445,5649,14
4428,1446,5650,39
4429,1446,5651,26
4430,1446,5652,45
4431,1447,5653,8
4432,1447,5654,31
4433,1447,5655,29
4434,1447,5656,16
4435,1448,5657,34
4436,1448,5658,23
4437,1448,5659,2
4438,1448,5660,2
4439,1449,5661,45
4440,1449,5662,18
4441,1449,5663,26
4442,1449,5664,1
4443,1450,5665,42
4444,1450,5666,42
4445,1450,5667,19
4446,1450,5668,45
4447,1451,5669,4
4448,1451,5670,4
4449,1452,5672,7.360
4450,1453,5673,5
4451,1453,5674,32
4452,1453,5675,21
4453,1453,5676,13
4454,1453,5677,11
4455,1454,5685,34
4456,1454,5686,24
4457,1454,5687,16
4458,1454,5688,34
4459,1455,5689,45
4460,1455,5690,34
4461,1455,5691,34
4462,1456,5692,14.960
4463,1456,5693,12.240
4464,1457,5694,11
4465,1457,5695,4
4466,1458,5696,6
4467,1458,5697,28
4468,1458,5698,36
4469,1458,5699,35
4470,1458,5700,33
4471,1459,5701,45
4472,1459,5702,24
4473,1459,5703,25
4474,1459,5704,27
4475,1460,5705,34
4476,1460,5706,16
4477,1460,5707,36
4478,1460,5708,49
4479,1460,5709,48
4480,1461,5716,15
4481,1461,5717,40
4482,1461,5718,46
4483,1461,5719,11
4484,1461,5720,11
4485,1462,5721,46
4486,1462,5722,21
4487,1462,5723,36
4488,1462,5724,36
4489,1462,5725,49
4490,1463,5729,50
4491,1463,5730,31
4492,1463,5731,17
4493,1464,5732,36
4494,1464,5733,29
4495,1464,5734,48
4496,1465,5735,23.920
4497,1465,5736,26.400
4498,1465,5737,20.880
4499,1465,5738,1.830
4500,1466,5739,9
4501,1467,5745,35
4502,1467,5746,26
4503,1467,5747,19
4504,1468,5754,27
4505,1468,5755,46
4506,1468,5756,11
4507,1468,5757,46
4508,1469,5758,34
4509,1469,5759,28
4510,1469,5760,49
4511,1469,5761,7
4512,1469,5762,49
4513,1470,5763,43
4514,1470,5764,12
4515,1470,5765,13
4516,1470,5766,40
4517,1470,5767,36
4518,1471,5774,38
4519,1471,5775,20
4520,1472,5776,14.640
4521,1472,5777,8.190
4522,1473,5778,26.400
4523,1473,5779,2.560
4524,1474,5780,32
4525,1474,5781,3
4526,1474,5782,8
4527,1475,5783,37
4528,1475,5784,21
4529,1475,5785,31
4530,1475,5786,11
4531,1475,5787,37
4532,1476,5788,37
4533,1476,5789,7
4534,1476,5790,4
4535,1476,5791,17
4536,1476,5792,44
4537,1477,5793,21
4538,1478,5799,39
4539,1478,5800,19
4540,1479,5801,1
4541,1480,5802,43
4542,1480,5803,45
4543,1480,5804,42
4544,1481,5805,5.460
4545,1481,5806,9.790
4546,1481,5807,6.380
4547,1481,5808,3.120
4548,1482,5814,42
4549,1482,5815,17
4550,1482,5816,4
4551,1482,5817,44
4552,1482,5818,33
4553,1483,5819,10
4554,1483,5820,12
4555,1484,5821,2
4556,1484,5822,46
4557,1484,5823,39
4558,1484,5824,30
4559,1485,5829,48
4560,1486,5830,45
4561,1486,5831,25
4562,1486,5832,42
4563,1487,5833,39
4564,1487,5834,21
4565,1487,5835,1
4566,1488,5836,50
4567,1489,5837,22.540
4568,1489,5838,2.800
4569,1490,5839,22
4570,1491,5840,12.420
4571,1491,5841,13.690
4572,1492,5842,23
4573,1493,5843,1
4574,1494,5844,29
4575,1494,5845,49
4576,1494,5846,38
4577,1494,5847,28
4578,1494,5848,38
4579,1495,5852,37
4580,1495,5853,21
4581,1495,5854,45
4582,1496,5855,26
4583,1496,5856,13
4584,1496,5857,16
4585,1496,5858,3
4586,1497,5859,16
4587,1497,5860,8
4588,1497,5861,30
4589,1498,5869,2.380
4590,1498,5870,1.540
4591,1499,5871,12
4592,1499,5872,5
4593,1499,5873,10
4594,1499,5874,6
4595,1500,5880,39
4596,1500,5881,50
4597,1501,5882,4
4598,1501,5883,21
4599,1501,5884,41
4600,1502,5885,17.480
4601,1502,5886,16.770
4602,1503,5893,43
4603,1503,5894,18
4604,1503,5895,7
4605,1504,5896,9.460
4606,1505,5909,38
4607,1505,5910,30
4608,1505,5911,21
4609,1505,5912,43
4610,1506,5915,1.600
4611,1506,5916,27.000
4612,1506,5917,35.690
4613,1506,5918,5.200
4614,1506,5919,19.780
4615,1507,5920,20
4616,1508,5921,6
4617,1509,5922,9
4618,1509,5923,30
4619,1509,5924,41
4620,1509,5925,11
4621,1509,5926,22
4622,1510,5927,25.550
4623,1510,5928,27.730
4624,1511,5929,30
4625,1511,5930,45
4626,1511,5931,7
4627,1512,5932,44
4628,1513,5933,33
4629,1513,5934,17
4630,1514,5944,31.160
4631,1515,5945,18.060
4632,1515,5946,25.840
4633,1516,5947,41
4634,1516,5948,16
4635,1516,5949,6
4636,1516,5950,2
4637,1517,5951,39
4638,1517,5952,25
4639,1517,5953,7
4640,1517,5954,46
4641,1517,5955,29
4642,1518,5956,4.800
4643,1518,5957,1.360
4644,1518,5958,2.300
4645,1518,5959,4.830
4646,1518,5960,7.600
4647,1519,5969,13.870
4648,1519,5970,6.120
4649,1519,5971,27.300
4650,1519,5972,19.950
4651,1519,5973,18.000
4652,1520,5974,15.250
4653,1521,5975,23
4654,1521,5976,3
4655,1521,5977,48
4656,1521,5978,12
4657,1522,5982,23
4658,1522,5983,40
4659,1522,5984,16
4660,1522,5985,17
4661,1523,5986,14.400
4662,1523,5987,7.980
4663,1524,5988,47
4664,1525,5989,30
4665,1525,5990,43
4666,1526,5991,8
4667,1526,5992,36
4668,1526,5993,22
4669,1526,5994,17
4670,1526,5995,42
4671,1527,5997,7
4672,1527,5998,16
4673,1527,5999,13
4674,1527,6000,47
4675,1527,6001,16
4676,1528,6002,38
4677,1528,6003,45
4678,1528,6004,50
4679,1528,6005,23
4680,1529,6006,12
4681,1530,6007,24.920
4682,1530,6008,20.800
4683,1530,6009,12.690
4684,1530,6010,9.310
4685,1530,6011,10.800
4686,1531,6012,2
4687,1531,6013,13
4688,1531,6014,47
4689,1532,6015,50
4690,1532,6016,15
4691,1532,6017,18
4692,1533,6018,7
4693,1533,6019,19
4694,1533,6020,10
4695,1533,6021,42
4696,1534,6022,50
4697,1534,6023,16
4698,1535,6024,0.100
4699,1535,6025,5.600
4700,1535,6026,34.310
4701,1536,6027,27
4702,1536,6028,24
4703,1536,6029,37
4704,1536,6030,17
4705,1537,6031,29.230
4706,1538,6032,38
4707,1538,6033,9
4708,1538,6034,24
4709,1538,6035,31
4710,1538,6036,42
4711,1539,6037,4
4712,1539,6038,4
4713,1540,6039,22.950
4714,1540,6040,14.080
4715,1541,6041,9
4716,1542,6042,12
4717,1542,6043,2
4718,1542,6044,3
4719,1543,6045,8
4720,1543,6046,48
4721,1544,6047,8
4722,1544,6048,22
4723,1545,6049,10.530
4724,1545,6050,16.470
4725,1546,6051,2
4726,1547,6052,17
4727,1547,6053,41
4728,1547,6054,43
4729,1547,6055,28
4730,1548,6056,0.750
4731,1548,6057,19.240
4732,1548,6058,10.030
4733,1548,6059,1.700
